LOCAL_PONTO;NRO_PONTO;SITUACAO;TIPO;CATEGORIA;ENDEREÇO;NRO;CEP;CODLOG;REGIAO;SUBPREFEITURA
0;;ATIVO;LIVRE;COMUM;ALVARO DE CARVALHO DR, R.;23;1050070;8800;CENTRO OESTE;SE
27;;ATIVO;LIVRE;COMUM;ARIOVALDO RODRIGUES RAMALHO, R.;322;4940090;731137;SUL;M'BOI MIRIM
60;;ATIVO;LIVRE;COMUM;ALVARO RAMOS, AV.;86;3058060;9067;LESTE;MOOCA
78;;ATIVO;LIVRE;COMUM;BERNARDA LUIZ, R.;257;5448020;32654;OESTE;PINHEIROS
86;;ATIVO;LIVRE;COMUM;CAMPOS SALES, R.;58;4751010;189260;SUL;SANTO AMARO
124;;ATIVO;LIVRE;COMUM;CASPER LÍBERO, AV.;490;1033000;45411;CENTRO OESTE;SE
132;;ATIVO;LIVRE;COMUM;RUA DE ACESSO AO CEMITÉRIO DA 4ª PARADA.;25;3303010;377279;LESTE;MOOCA
140;;ATIVO;LIVRE;COMUM;ANTONIO CARLOS, R.;106;1309010;16160;OESTE;SE
159;;ATIVO;LIVRE;COMUM;ANTONIO BARBOSA DA CUNHA DR, R.;182;5790210;212750;OESTE;CAMPO LIMPO
167;;ATIVO;LIVRE;COMUM;ALVARO RODRIGUES, R.;323;4582000;9083;SUL;PINHEIROS
1040014;1543;ATIVO;PRIVATIVO;COMUM;MILTON RODRIGUES PROFº, R. ( ANHEMBÍ );265;2009040;226629;NORTE;SANTANA/TUCURUVI
1040031;1033;EXTINTO;PRIVATIVO;LUXO;MILTON RODRIGUES PROFº, R.( ANHEMBÍ);265;2009040;226629;NORTE;SANTANA/TUCURUVI
1040049;;ATIVO;LIVRE;ESPECIAL;MILTON RODRIGUES PROFº, R.;450;2009040;226629;NORTE;SANTANA/TUCURUVI
1040065;1847;ATIVO;PRIVATIVO;COMUM;AFONSO PENA, R.;353;1124000;2836;CENTRO OESTE;SE
1040073;;ATIVO;LIVRE;COMUM;MILTON RODRIGUES, R PROF.;598;2009040;226629;NORTE;SANTANA/TUCURUVI
1045016;;ATIVO;LIVRE;COMUM RADIO;ALFREDO MAIA, R.;533;1106010;7048;NORTE;SE
1060031;1739;ATIVO;PRIVATIVO;COMUM;VOLUNTÁRIOS DA PÁTRIA, R.;2786;2401100;198846;NORTE;SANTANA/TUCURUVI
1060040;1166;ATIVO;PRIVATIVO;COMUM;CESAR DR, R.;40;2013000;47856;NORTE;SANTANA/TUCURUVI
1060058;25;ATIVO;PRIVATIVO;COMUM;MOREIRA DE BARROS CONS., LGO;1;2018010;142417;NORTE;SANTANA/TUCURUVI
1060066;1727;ATIVO;PRIVATIVO;COMUM;VOLUNTÁRIOS DA PÁTRIA, R.;1723;2011300;198846;NORTE;SANTANA/TUCURUVI
1060104;2224;ATIVO;PRIVATIVO;COMUM;VOLUNTÁRIOS DA PÁTRIA, R.;2038;2010800;198846;NORTE;SANTANA/TUCURUVI
1060105;;ATIVO;LIVRE;COMUM RADIO;JOAQUIM MONTEIRO, R. COMENDADOR;80;2013030;78085;NORTE;SANTANA/TUCURUVI
1060112;2285;ATIVO;PRIVATIVO;COMUM;BRAS LEME, AV.;3259;2022011;36374;NORTE;SANTANA/TUCURUVI
1060120;2353;ATIVO;PRIVATIVO;COMUM;CESAR DR, R.;306;2013001;47856;NORTE;SANTANA/TUCURUVI
1060147;2355;ATIVO;PRIVATIVO;COMUM;ALUISIO AZEVEDO, R.;158;2021030;8079;NORTE;SANTANA/TUCURUVI
1060155;2175;ATIVO;PRIVATIVO;COMUM;VOLUNTÁRIOS DA PÁTRIA, R.;2116;2010800;198846;NORTE;SANTANA/TUCURUVI
1060163;2722;ATIVO;PRIVATIVO;COMUM;CESAR DR, R.;870;2013004;47856;NORTE;SANTANA/TUCURUVI
1060171;2796;ATIVO;PRIVATIVO;COMUM;ALFREDO PUJOL, R.;1518;2017013;7196;NORTE;SANTANA/TUCURUVI
1060180;;ATIVO;LIVRE;ESPECIAL;CESAR DR, R.;790;2013002;47856;NORTE;SANTANA/TUCURUVI
1060198;2822;ATIVO;PRIVATIVO;COMUM;HERMENEGILDO DE CAMPOS ALMEIDA PROFº. R;90;2510060;87416;NORTE;CASA VERDE/CACHOEIRINHA
1060201;1307;ATIVO;PRIVATIVO;COMUM;CÉSAR DR., R.;60;2013000;47856;NORTE;SANTANA/TUCURUVI
1060210;2896;ATIVO;PRIVATIVO;COMUM;EVARISTO DE CAMPOS CEL, R.;116;2450020;68365;NORTE;SANTANA/TUCURUVI
1060236;803;ATIVO;PRIVATIVO;COMUM;BRÁS LEME, AV.;2249;2511000;36374;NORTE;SANTANA/TUCURUVI
1060252;2957;EXTINTO;PRIVATIVO;COMUM;SALETE, R;121;2016000;176222;NORTE;SANTANA/TUCURUVI
1060279;2956;EXTINTO;PRIVATIVO;COMUM;SANTOS DUMONT, AV.;2728;2012010;177997;NORTE;SANTANA/TUCURUVI
1060287;2966;EXTINTO;PRIVATIVO;COMUM;BRAZ LEME,AV;2525;2022011;36374;NORTE;SANTANA/TUCURUVI
1065017;;ATIVO;LIVRE;COMUM RADIO;TUPIGUAES, R.;85;2022040;192430;NORTE;SANTANA/TUCURUVI
1065025;;ATIVO;LIVRE;COMUM RADIO;HELEUSES NOGUEIRA TTE  CEL, PÇA;2;2013000;431788;NORTE;SANTANA/TUCURUVI
1065034;;ATIVO;LIVRE;COMUM RADIO;JOAQUIM MONTEIRO, R. COM.;20;2013030;78085;NORTE;SANTANA/TUCURUVI
1080024;1138;ATIVO;PRIVATIVO;COMUM;CAETANO ÁLVARES ENGº, AV.;4566;2413000;38130;NORTE;SANTANA/TUCURUVI
1080032;1644;ATIVO;PRIVATIVO;COMUM;MOREIRA DE BARROS CONS., R.;18;2018010;142425;NORTE;SANTANA/TUCURUVI
1080040;1645;ATIVO;PRIVATIVO;COMUM;JOÃO GUALBERTO PADRE, R.;145;2537000;103241;NORTE;CASA VERDE/CACHOEIRINHA
1080059;1689;EXTINTO;PRIVATIVO;COMUM;AFONSO SCHMIDT, R.;591;2450001;2887;NORTE;SANTANA/TUCURUVI
1080067;1740;ATIVO;PRIVATIVO;COMUM;SOUZA LOPES, R.;283;2436000;346853;NORTE;SANTANA/TUCURUVI
1080075;912;ATIVO;PRIVATIVO;COMUM;LUIS LUSTOSA DA SILVA DR, R.;205;2406040;222666;NORTE;SANTANA/TUCURUVI
1080083;1646;ATIVO;PRIVATIVO;COMUM;BASILEIA, AV.;335;2440060;29408;NORTE;SANTANA/TUCURUVI
1080091;2655;ATIVO;PRIVATIVO;COMUM;MIGUEL DELGADO, PÇA;1;2403000;318574;NORTE;SANTANA/TUCURUVI
1080105;779;ATIVO;PRIVATIVO;COMUM;ITAICI, R.;160;2460030;94528;NORTE;SANTANA/TUCURUVI
1080113;816;ATIVO;PRIVATIVO;COMUM;LUIS  LUSTOSA DA SILVA DR, R.;25;2406040;222666;NORTE;SANTANA/TUCURUVI
1080130;1910;ATIVO;PRIVATIVO;COMUM;ROMILDE NOGUEIRA DE SÁ PROF ª, R.;871;2470000;173690;NORTE;SANTANA/TUCURUVI
1080148;1911;ATIVO;PRIVATIVO;COMUM;ALBERTO SAVOY, R.;27;2435110;342912;NORTE;SANTANA/TUCURUVI
1080156;2060;ATIVO;PRIVATIVO;COMUM;GUACA DO, AV.;385;2435000;82384;NORTE;SANTANA/TUCURUVI
1080164;2063;ATIVO;PRIVATIVO;COMUM;GUACA DO, AV.;63;2435001;82384;NORTE;SANTANA/TUCURUVI
1080180;979;ATIVO;PRIVATIVO;COMUM;IZABEL MARIA PARRA, R.;23;2442210;279790;NORTE;SANTANA/TUCURUVI
1080199;2247;ATIVO;PRIVATIVO;COMUM;COPACABANA, R.;385;2461000;52752;NORTE;SANTANA/TUCURUVI
1080202;2322;ATIVO;PRIVATIVO;COMUM;DIOGO BUENO, R.;178;2536070;58963;NORTE;SANTANA/TUCURUVI
1080210;2398;ATIVO;PRIVATIVO;COMUM;ALBERTO COSTA, R.;75;2422040;704199;NORTE;SANTANA/TUCURUVI
1080253;2668;ATIVO;PRIVATIVO;COMUM;JAUARI, R.;111;2462050;681725;NORTE;SANTANA/TUCURUVI
1080261;2801;ATIVO;PRIVATIVO;COMUM;FORTUNATO MINOZZI, R.;24;2540110;72940;NORTE;CASA VERDE/CACHOEIRINHA
1080270;2958;EXTINTO;PRIVATIVO;COMUM;CAETANO ALVARES,ENG AV;5500;2413100;38130;NORTE;SANTANA/TUCURUVI
1080288;2959;EXTINTO;PRIVATIVO;COMUM;CAETANO ALVARES,ENG AV;6000;2413100;38130;NORTE;SANTANA/TUCURUVI
1080297;3016;BLOQUEADO;PRIVATIVO;COMUM;GEORGE CHAHESTIAN, R.;73;2471120;279650;NORTE;SANTANA/TUCURUVI
1085018;;ATIVO;LIVRE;COMUM RADIO;JOSÉ AUGUSTO CÉSAR DR, PÇA;1;2403080;107891;NORTE;SANTANA/TUCURUVI
1085026;;ATIVO;LIVRE;COMUM RADIO;PONTA GROSSA, R.;101;2420010;164771;NORTE;SANTANA/TUCURUVI
1100025;977;ATIVO;PRIVATIVO;COMUM;JOAQUIM LOPES, PÇA;2;2441200;279277;NORTE;SANTANA/TUCURUVI
1100033;1161;ATIVO;PRIVATIVO;COMUM;SANTA INES, AV.;813;2415001;91707;NORTE;SANTANA/TUCURUVI
1100041;1424;ATIVO;PRIVATIVO;COMUM;VAUD, R.;290;2443060;352896;NORTE;SANTANA/TUCURUVI
1100050;1317;ATIVO;PRIVATIVO;COMUM;JOÃO PESSOA, AV.;572;2440050;104205;NORTE;SANTANA/TUCURUVI
1100068;1569;ATIVO;PRIVATIVO;COMUM;SALVADOR TOLEZANO, R.;615;2422160;211338;NORTE;SANTANA/TUCURUVI
1100076;2058;ATIVO;PRIVATIVO;COMUM;GUIDO GIOVANNI ROCCHI, PÇA;3158;2464500;90786;NORTE;CASA VERDE/CACHOEIRINHA
1100084;1215;ATIVO;PRIVATIVO;COMUM;PARADA PINTO, AV.;749;2611003;154261;NORTE;CASA VERDE/CACHOEIRINHA
1100092;1690;ATIVO;PRIVATIVO;COMUM;JOSÉ FERREIRA DE CASTRO, R.;6;2615010;415022;NORTE;CASA VERDE/CACHOEIRINHA
1100106;2091;ATIVO;PRIVATIVO;COMUM;SANTA INÊS, AV.;1199;2415002;91707;NORTE;SANTANA/TUCURUVI
1100114;2093;ATIVO;PRIVATIVO;COMUM;RODRIGUES SETTE DES., R.;184;2634070;173240;NORTE;CASA VERDE/CACHOEIRINHA
1100122;917;ATIVO;PRIVATIVO;COMUM;DOMINGOS GUEDES CABRAL, R.;83;2422190;214086;NORTE;SANTANA/TUCURUVI
1100149;2150;ATIVO;PRIVATIVO;COMUM;GOUVEA FRANCO DEP., R.;10;2422010;81582;NORTE;SANTANA/TUCURUVI
1100157;2180;ATIVO;PRIVATIVO;COMUM;CAXIPO MIRIM, R.;28;2612120;46671;NORTE;CASA VERDE/CACHOEIRINHA
1100165;2776;ATIVO;PRIVATIVO;COMUM;INAJAR DE SOUZA, AV.;5580;2882160;37710;NORTE;CASA VERDE/CACHOEIRINHA
1100173;2868;EXTINTO;PRIVATIVO;COMUM;PARADA PINTO, AV.;1109;2611003;154261;NORTE;CASA VERDE/CACHOEIRINHA
1100190;1298;ATIVO;PRIVATIVO;COMUM;INDIO PERI, R.;22;2632000;91669;NORTE;CASA VERDE/CACHOEIRINHA
1105019;;ATIVO;LIVRE;COMUM RADIO;NOSSA SENHORA CONSOLATA, R.;100;2474060;146927;NORTE;CASA VERDE/CACHOEIRINHA
1120018;1483;ATIVO;PRIVATIVO;COMUM;PERI RONCHETTI , R.;494;2633000;161705;NORTE;CASA VERDE/CACHOEIRINHA
1120034;2348;ATIVO;PRIVATIVO;COMUM;PERI RONCHETTI, AV.;795;2633000;161705;NORTE;CASA VERDE/CACHOEIRINHA
1125088;;ATIVO;LIVRE;COMUM RADIO;AEROPORTO DE CONGONHAS;30;4626020;119091;SUL;SANTO AMARO
2020017;2855;ATIVO;PRIVATIVO;COMUM;ANTONIO DE MELO DOM, R.;38;1105020;16730;CENTRO OESTE;SE
2040026;1948;ATIVO;PRIVATIVO;COMUM;ESTADO DO, AV.;1106;1108000;66427;CENTRO OESTE;SE
2040050;;ATIVO;LIVRE;ESPECIAL;TERMINAL RODOVIÁRIO TIETÊ;2076;2030100;55670;NORTE;SANTANA/TUCURUVI
2040069;763;ATIVO;PRIVATIVO;COMUM;TERMINAL RODOVIÁRIO TIETÊ;2076;2030100;55670;NORTE;SANTANA/TUCURUVI
2040085;2499;ATIVO;PRIVATIVO;COMUM;SANTA EULÁLIA, R.;547;2031020;67814;NORTE;SANTANA/TUCURUVI
2040093;2769;ATIVO;PRIVATIVO;COMUM;ODYLIO DENYS MARECHAL, R.;126;2031050;431494;NORTE;SANTANA/TUCURUVI
2040166;1308;ATIVO;PRIVATIVO;COMUM;OTTO BAUNGART, AV.;500;2049000;413941;NORTE;VILA MARIA/VILA GUILHERME
2060027;1129;ATIVO;PRIVATIVO;COMUM;OTTO BAUMGART, AV.(CENTER NORTE );251;2049000;413941;NORTE;VILA MARIA/VILA GUILHERME
2060078;1238;ATIVO;PRIVATIVO;COMUM;BAIA NO TERMINAL METRO SANTANA;460;2034002;68560;NORTE;SANTANA/TUCURUVI
2060108;2054;ATIVO;PRIVATIVO;COMUM;CRUZEIRO DO SUL, AV.;1299;1109000;55670;NORTE;SANTANA/TUCURUVI
2060116;2124;ATIVO;PRIVATIVO;COMUM;CRUZEIRO DO SUL, AV.;2076;2030000;55670;NORTE;SANTANA/TUCURUVI
2060124;2340;ATIVO;PRIVATIVO;COMUM;JOVITA, R.;543;2036001;112577;NORTE;SANTANA/TUCURUVI
2060140;2606;EXTINTO;PRIVATIVO;COMUM;EZEQUIEL FREIRE, R.;91;2034000;68560;NORTE;SANTANA/TUCURUVI
2060159;2914;EXTINTO;PRIVATIVO;COMUM;PEDRA SABÃO, R.;207;2066120;35181;NORTE;VILA MARIA/VILA GUILHERME
2060167;2923;ATIVO;PRIVATIVO;COMUM;SANTOS DUMONT, AV.;2088;2031100;55670;NORTE;SANTANA/TUCURUVI
2060256;740;ATIVO;PRIVATIVO;COMUM;SANTA VELOSO DONA, R.;600;2050000;177652;NORTE;VILA MARIA/VILA GUILHERME
2060264;1404;ATIVO;PRIVATIVO;COMUM;AMARAL GAMA, R.;39;2018000;9881;NORTE;SANTANA/TUCURUVI
2065010;;ATIVO;LIVRE;COMUM RADIO;MIGUEL MENTEM, R.;299;2050010;139327;NORTE;VILA MARIA/VILA GUILHERME
2065029;;ATIVO;LIVRE;COMUM RADIO;FELIPE GADELHA, R.;133;2012120;284831;NORTE;SANTANA/TUCURUVI
2065037;;ATIVO;LIVRE;COMUM RADIO;SARAIVA CONS., R.;662;2037021;178438;NORTE;SANTANA/TUCURUVI
2065045;;ATIVO;LIVRE;COMUM RADIO;LUIS RAMOS CAP., R.;476;2066011;122904;NORTE;VILA MARIA/VILA GUILHERME
2068052;;ATIVO;;COMUM;SIMIS,  TRAV.;200;2047000;413186;NORTE;VILA MARIA/VILA GUILHERME
2080011;2950;EXTINTO;PRIVATIVO;COMUM;LUIZ DUMONT VILLARES, AV.;600;2085100;360619;NORTE;VILA MARIA/VILA GUILHERME
2080028;1521;ATIVO;PRIVATIVO;COMUM;NOSSA SENHORA DO LORETO, AV.;1135;2219001;147346;NORTE;VILA MARIA/VILA GUILHERME
2080037;2952;EXTINTO;PRIVATIVO;COMUM;LUIZ DUMONT VILLARES, AV;1800;2239000;360619;NORTE;SANTANA/TUCURUVI
2080044;1776;ATIVO;PRIVATIVO;COMUM;CASA FORTE, R.;338;2336040;45292;NORTE;SANTANA/TUCURUVI
2080060;1619;EXTINTO;PRIVATIVO;COMUM;CAETÉ - AÇÚ, R.;39;2302020;271659;NORTE;SANTANA/TUCURUVI
2080079;861;ATIVO;PRIVATIVO;COMUM;CRUZ DE MALTA, R.;467;2248000;55581;NORTE;SANTANA/TUCURUVI
2080095;2009;ATIVO;PRIVATIVO;COMUM;AURELIANO LEAL, R.;551;2334091;25801;NORTE;SANTANA/TUCURUVI
2080109;1716;ATIVO;PRIVATIVO;COMUM;ALBERTO MENDES JR. CAP., R.;287;2335010;204668;NORTE;SANTANA/TUCURUVI
2080117;2295;ATIVO;PRIVATIVO;COMUM;ANTONIO PAIVA SAMPAIO COM., R.;131;2269000;18163;NORTE;SANTANA/TUCURUVI
2080125;701;ATIVO;PRIVATIVO;COMUM;CARLOS DE LAET, R.;94;2041000;43370;NORTE;SANTANA/TUCURUVI
2080133;2157;ATIVO;PRIVATIVO;COMUM;INGLESA, R.;96;2245020;91901;NORTE;SANTANA/TUCURUVI
2080141;863;ATIVO;PRIVATIVO;COMUM;CRISTOVÃO LINS, R.;1014;2083000;55247;NORTE;VILA MARIA/VILA GUILHERME
2080150;2223;ATIVO;PRIVATIVO;COMUM;ALTINÓPOLIS, R.;45;2334000;8354;NORTE;SANTANA/TUCURUVI
2080168;2225;ATIVO;PRIVATIVO;COMUM;MIRANTE, R.;126;2045060;140350;NORTE;SANTANA/TUCURUVI
2080184;2510;ATIVO;PRIVATIVO;COMUM;LUCAS DE FREITAS AZEVEDO, R.;103;2046060;120561;NORTE;VILA MARIA/VILA GUILHERME
2080192;86;EXTINTO;PRIVATIVO;COMUM;ATALIBA LEONEL GAL., AV.;2166;2033020;24554;NORTE;VILA MARIA/VILA GUILHERME
2080222;2504;ATIVO;PRIVATIVO;COMUM;LUIZ DUMONT VILLARES, AV.;400;2085000;360619;NORTE;VILA MARIA/VILA GUILHERME
2080230;2624;EXTINTO;PRIVATIVO;COMUM;ISMAEL NERI, R.;25;2335000;94072;NORTE;SANTANA/TUCURUVI
2080249;2669;ATIVO;PRIVATIVO;COMUM;MANOEL TAVEIRA, R.;78;2245050;127671;NORTE;SANTANA/TUCURUVI
2080257;2721;ATIVO;PRIVATIVO;COMUM;PAULO MALDI, R.;72;2303050;111910;NORTE;SANTANA/TUCURUVI
2080265;2856;ATIVO;PRIVATIVO;COMUM;LUCIANO PE, R.;29;2337080;120812;NORTE;SANTANA/TUCURUVI
2080273;2951;EXTINTO;PRIVATIVO;COMUM;LUIZ DUMONT VILLARES, AV.;1290;2239000;360619;NORTE;VILA MARIA/VILA GUILHERME
2080282;3032;ATIVO;PRIVATIVO;COMUM;FRANCISCO LIPI, R.;213;2243000;74748;NORTE;SANTANA/TUCURUVI
2085011;;ATIVO;LIVRE;COMUM RADIO;ESTEFANIA LOURO, R.;178;2241080;228516;;VILA MARIA/VILA GUILHERME
2085020;;ATIVO;LIVRE;COMUM RADIO;AURELIANO LEAL, R.;43;2334090;25801;NORTE;SANTANA/TUCURUVI
2085038;;ATIVO;LIVRE;COMUM RADIO;CAETANO ALVARES ENGº, AV.;4380;2413200;38130;NORTE;SANTANA/TUCURUVI
2085046;;ATIVO;LIVRE;COMUM RADIO;FERNANDES SAMPAIO, R.;98;2041010;70521;NORTE;SANTANA/TUCURUVI
2100010;1112;ATIVO;PRIVATIVO;COMUM;CRISPIM DUARTE, R.;30;2214000;54933;NORTE;VILA MARIA/VILA GUILHERME
2100037;1597;ATIVO;PRIVATIVO;COMUM;FRANCISCO ALVES BEZERRA, R.;1090;2228001;170135;NORTE;VILA MARIA/VILA GUILHERME
2100045;1775;ATIVO;PRIVATIVO;COMUM;BENTO ARAÚJO, R.;150;2345040;663212;NORTE;SANTANA/TUCURUVI
2100053;1692;ATIVO;PRIVATIVO;COMUM;BALTAZAR DE  MORAIS, R.;31;2255010;27561;NORTE;SANTANA/TUCURUVI
2100061;1643;ATIVO;PRIVATIVO;COMUM;NOSSA SENHORA DO LORETO, AV.;237;2219000;147346;NORTE;VILA MARIA/VILA GUILHERME
2100070;1514;ATIVO;PRIVATIVO;COMUM;EDUARDO, R;430;2371010;62278;NORTE;JACANA/TREMEMBE
2100088;1777;ATIVO;PRIVATIVO;COMUM;LUIZ AUGUSTO DE OLIVEIRA, R;128;2344040;657719;NORTE;SANTANA/TUCURUVI
2100096;548;ATIVO;PRIVATIVO;COMUM;JULIO MARIA PADRE, R.;141;2307300;113387;NORTE;SANTANA/TUCURUVI
2100118;1915;ATIVO;PRIVATIVO;COMUM;ANTONIO MARIA LAET DR, AV-METRÔ TUCURUVI;129;2240000;213101;NORTE;SANTANA/TUCURUVI
2100126;2038;ATIVO;PRIVATIVO;COMUM;GAMBOAS DAS, R.;60;2311100;77496;NORTE;SANTANA/TUCURUVI
2100177;1311;ATIVO;PRIVATIVO;COMUM;ROLAND GARROS, AV.;1584;2235001;173398;NORTE;VILA MARIA/VILA GUILHERME
2100185;791;ATIVO;PRIVATIVO;COMUM;NOVA CANTAREIRA, AV.;2399;2340000;147672;NORTE;SANTANA/TUCURUVI
2100207;778;ATIVO;PRIVATIVO;COMUM;JULIO BUONO, AV.;1885;2201000;113212;NORTE;VILA MARIA/VILA GUILHERME
2100215;1319;ATIVO;PRIVATIVO;COMUM;ALCINDO BUENO DE ASSIS, R.;457;2344080;613592;NORTE;SANTANA/TUCURUVI
2100223;2090;ATIVO;PRIVATIVO;COMUM;MANOEL GAYA, R.;500;2313000;127167;NORTE;JACANA/TREMEMBE
2100274;2878;EXTINTO;PRIVATIVO;COMUM;ANTÔNIO MARIA LAET, AV.;191;2240000;213101;NORTE;SANTANA/TUCURUVI
2120054;702;ATIVO;PRIVATIVO;COMUM;SANATÓRIO, AV.;31;2238000;177288;NORTE;VILA MARIA/VILA GUILHERME
2120089;1778;ATIVO;PRIVATIVO;COMUM;SENA, R.;33;2347060;179906;NORTE;SANTANA/TUCURUVI
2120097;789;EXTINTO;PRIVATIVO;COMUM;JORGE NEWBERY, R.;63;2231020;106984;NORTE;JACANA/TREMEMBE
2120100;1270;ATIVO;PRIVATIVO;COMUM;ELIAS DE SOUZA PINTO, R.;248;2357230;22519;NORTE;JACANA/TREMEMBE
2120119;692;ATIVO;PRIVATIVO;COMUM;CONCHILIA, R.;764;2373010;52256;NORTE;JACANA/TREMEMBE
2120135;594;ATIVO;PRIVATIVO;COMUM;ALBERTO SOUZA COM., PCA;57;2274120;4871;NORTE;JACANA/TREMEMBE
2120143;1840;ATIVO;PRIVATIVO;COMUM;LUIZ STAMATIS, R.;90;2260000;123072;NORTE;JACANA/TREMEMBE
2120151;360;ATIVO;PRIVATIVO;COMUM;AUGUSTA DE JESUS, R.;184;2315080;25046;NORTE;JACANA/TREMEMBE
2120160;2100;ATIVO;PRIVATIVO;COMUM;BORTOLUCCI MAESTRO, R.;437;2357040;112780;NORTE;JACANA/TREMEMBE
2120178;2101;ATIVO;PRIVATIVO;COMUM;JOSÉ VICENTE DR, R.;304;2370080;112194;NORTE;JACANA/TREMEMBE
2120208;2433;ATIVO;PRIVATIVO;COMUM;ANTONIETA ALTENFELDER, R.;1;2317170;257850;NORTE;JACANA/TREMEMBE
2120224;578;ATIVO;PRIVATIVO;COMUM;MARIQUINHA SCIASCIA  , PÇA;21;2372050;201278;NORTE;JACANA/TREMEMBE
2120232;1350;ATIVO;PRIVATIVO;COMUM;ANTONELO MESSINA, AV.;785;2318000;163058;NORTE;JACANA/TREMEMBE
2120240;880;ATIVO;PRIVATIVO;COMUM;MICHEL OUCHANA, R.;58;2276140;213764;NORTE;JACANA/TREMEMBE
2120259;2449;EXTINTO;PRIVATIVO;COMUM;EDU CHAVES, AV.;640;2229000;62243;NORTE;VILA MARIA/VILA GUILHERME
2120275;1409;ATIVO;PRIVATIVO;COMUM;SÔNIA MARGY, R.;367;2351030;149390;NORTE;JACANA/TREMEMBE
2128047;;ATIVO;;COMUM;JOSÉ ANTUNES TTE, R.;80;2233010;608416;NORTE;VILA MARIA/VILA GUILHERME
2148013;;ATIVO;;COMUM;ANTONELO DA MESSINA, AV.;1636;2318000;163058;NORTE;JACANA/TREMEMBE
3020053;1634;ATIVO;PRIVATIVO;COMUM;LADARIO BARÃO DE, R.;566;3010000;115258;LESTE;MOOCA
3020061;1664;ATIVO;PRIVATIVO;COMUM;FIRMINO WHITAKER MIN., R.;95;3012020;71650;LESTE;MOOCA
3020126;2730;ATIVO;PRIVATIVO;COMUM;ORIENTE, R.;100;3016000;150533;LESTE;MOOCA
3020150;1469;ATIVO;PRIVATIVO;COMUM;ORIENTE, R.;455;3016000;150533;LESTE;MOOCA
3020215;154;ATIVO;PRIVATIVO;COMUM;BRÁS DO, LGO;1229;3001000;168700;LESTE;MOOCA
3020231;2911;ATIVO;PRIVATIVO;COMUM;RODRIGUES DOS SANTOS, R.;300;3009010;173185;LESTE;MOOCA
3020275;3015;EXTINTO;;COMUM;RICARDO GONÇALVES DR, R.;117;3012040;170810;LESTE;MOOCA
3025012;;ATIVO;LIVRE;COMUM RADIO;ALFANDEGA DA, R.;51;3006030;6661;NORTE;MOOCA
3040046;366;ATIVO;PRIVATIVO;COMUM;CACHOEIRA, R.;572;3024000;37877;LESTE;MOOCA
3040062;1794;ATIVO;PRIVATIVO;COMUM;MARIA MARCOLINA, R.;293;3011001;133035;LESTE;MOOCA
3040070;1211;ATIVO;PRIVATIVO;COMUM;VAUTIER, AV.;346;3032000;195162;LESTE;MOOCA
3040097;1225;ATIVO;PRIVATIVO;COMUM;INÁCIO DE ARAUJO, R.;67;3053010;91014;LESTE;MOOCA
3040100;1249;ATIVO;PRIVATIVO;COMUM;MENDES GONÇALVES, R.;423;3027010;138258;LESTE;MOOCA
3040160;1538;ATIVO;PRIVATIVO;COMUM;ORIENTE, R.;360;3016000;150533;LESTE;MOOCA
3040178;1568;ATIVO;PRIVATIVO;COMUM;ORIENTE, R.;599;3016000;150533;LESTE;MOOCA
3040186;1540;ATIVO;PRIVATIVO;COMUM;ORIENTE, R.;714;3016000;150533;LESTE;MOOCA
3040194;1506;ATIVO;PRIVATIVO;COMUM;ORIENTE, R.;828;3016000;150533;LESTE;MOOCA
3040224;1752;ATIVO;PRIVATIVO;COMUM;BRESSER, R.;338;3017000;36536;LESTE;MOOCA
3040232;1800;ATIVO;PRIVATIVO;COMUM;RIO BONITO, R;845;3023000;171123;LESTE;MOOCA
3040240;1844;ATIVO;PRIVATIVO;COMUM;MENDES JR, R.;58;3016010;132691;LESTE;MOOCA
3040259;1820;ATIVO;PRIVATIVO;COMUM;MARIA MARCOLINA, R.;146;3011000;133035;LESTE;MOOCA
3040275;735;ATIVO;PRIVATIVO;COMUM;DURVAL VILALVA DR., R.;233;8110240;61484;LESTE;ITAIM PAULISTA
3040283;;ATIVO;LIVRE;ESPECIAL;TERMINAL RODOVIÁRIO BRESSER;67;3053020;196975;NORTE;MOOCA
3040291;1400;ATIVO;PRIVATIVO;COMUM;CHAVANTES, R.;640;3027000;48712;LESTE;MOOCA
3040313;844;ATIVO;PRIVATIVO;COMUM;JOÃO TEODORO, R.;1689;3009000;104850;LESTE;MOOCA
3040364;1857;ATIVO;PRIVATIVO;COMUM;HANNEMANN, R.;263;3031040;85707;LESTE;MOOCA
3040402;754;ATIVO;PRIVATIVO;COMUM;LUIS DO PAÇO, R.;100;3071070;122254;LESTE;MOOCA
3040410;2107;ATIVO;PRIVATIVO;COMUM;JOLY, R.;421;3016020;106402;LESTE;MOOCA
3040429;2145;ATIVO;PRIVATIVO;COMUM;CARLOS DE CAMPOS, AV.;648;3028000;43320;LESTE;MOOCA
3040445;2580;ATIVO;PRIVATIVO;COMUM;CARLOS BOTELHO DR, R.;225;3017010;43133;LESTE;MOOCA
3040453;2772;ATIVO;PRIVATIVO;COMUM;PARAÍBA, R.;299;3013030;154385;LESTE;MOOCA
3040461;2777;ATIVO;PRIVATIVO;COMUM;DANTAS CONS., R.;173;3032020;57070;LESTE;MOOCA
3040470;2809;EXTINTO;PRIVATIVO;COMUM;RODRIGUES DOS SANTOS, R.;579;3009010;173185;LESTE;MOOCA
3040496;2839;ATIVO;PRIVATIVO;COMUM;MILLER, R.;660;3011010;139670;LESTE;MOOCA
3040500;2854;ATIVO;PRIVATIVO;COMUM;VAUTIER, AV.;130;3032000;195162;LESTE;MOOCA
3040518;;ATIVO;LIVRE;COMUM;PASCOAL RANIERI, R;151;3034060;155624;LESTE;MOOCA
3040519;3039;ATIVO;PRIVATIVO;COMUM;TIERS, R.;155;3031000;189057;LESTE;MOOCA
3045013;;ATIVO;LIVRE;COMUM RADIO;CATUMBÍ, R.;930;3021000;46329;NORTE;MOOCA
3045021;;ATIVO;LIVRE;COMUM RADIO;RIO BONITO, R.;1297;3023000;171123;NORTE;MOOCA
3060039;383;ATIVO;PRIVATIVO;COMUM;SILVA JARDIM, R.;40;3057070;181846;LESTE;MOOCA
3060047;1668;ATIVO;PRIVATIVO;COMUM;SANTO EDUARDO, PÇA;1;2113000;62294;NORTE;VILA MARIA/VILA GUILHERME
3060055;499;ATIVO;PRIVATIVO;COMUM;GUILHERME COTCHING, R.;1698;2113014;84786;NORTE;VILA MARIA/VILA GUILHERME
3060063;2045;EXTINTO;PRIVATIVO;COMUM;MARGARINOS TORRES, R.;1436;2119001;130087;NORTE;VILA MARIA/VILA GUILHERME
3060071;1806;ATIVO;PRIVATIVO;COMUM;ESTAÇÃO BELÉM DO METRÔ;3135;3302000;5436;LESTE;MOOCA
3060080;1226;ATIVO;PRIVATIVO;COMUM;TOLEDO BARBOSA, R.;115;3061000;190357;LESTE;MOOCA
3060101;2189;ATIVO;PRIVATIVO;COMUM;LUIS FELIPE DE ORLEANS DOM, R.;761;2118001;38300;NORTE;VILA MARIA/VILA GUILHERME
3060110;1261;ATIVO;PRIVATIVO;COMUM;JEQUITINHONHA, R.;360;3021040;100420;LESTE;MOOCA
3060136;1281;ATIVO;PRIVATIVO;COMUM;SANTO EDUARDO, PÇA;99;2113000;62294;NORTE;VILA MARIA/VILA GUILHERME
3060306;1402;ATIVO;PRIVATIVO;COMUM;PIMENTA BUENO, R.;141;3060000;162361;LESTE;MOOCA
3065014;;ATIVO;LIVRE;COMUM RADIO;NADIR DIAS DE FIGUEIREDO, AV.;1191;2110000;19305;NORTE;VILA MARIA/VILA GUILHERME
3080030;1669;ATIVO;PRIVATIVO;COMUM;OSAKA, R.;250;2124040;150932;NORTE;VILA MARIA/VILA GUILHERME
3080048;287;ATIVO;PRIVATIVO;COMUM;MARIA MONTESSORI, PÇA;1;2127030;202991;NORTE;VILA MARIA/VILA GUILHERME
3080056;284;ATIVO;PRIVATIVO;COMUM;JOSÉ DE TOLEDO PIZA DR, PÇA;67;2127050;432385;NORTE;VILA MARIA/VILA GUILHERME
3080064;1728;ATIVO;PRIVATIVO;COMUM;COSMORAMA, PÇA;185;2127010;54151;NORTE;VILA MARIA/VILA GUILHERME
3080200;1284;ATIVO;PRIVATIVO;COMUM;DIAMANTINA, R.;490;2117010;257095;NORTE;VILA MARIA/VILA GUILHERME
3080234;719;EXTINTO;PRIVATIVO;COMUM;BENEDITO ESTEVAM DOS SANTOS DR, AV.;1529;2136000;31534;NORTE;VILA MARIA/VILA GUILHERME
3080250;1304;ATIVO;PRIVATIVO;COMUM;NOVA PRATA, R.;357;2122080;62170;NORTE;VILA MARIA/VILA GUILHERME
3080269;718;ATIVO;PRIVATIVO;COMUM;ERNANI PINTO, R.;31;2120020;257010;NORTE;VILA MARIA/VILA GUILHERME
3100014;1117;EXTINTO;PRIVATIVO;COMUM;EROTIDES DE CAMPOS, PÇA;59;2227310;232238;NORTE;VILA MARIA/VILA GUILHERME
3100049;1553;ATIVO;PRIVATIVO;COMUM;JOÃO PEREIRA DA SILVA SOLDADO. R.;269;2189010;102970;NORTE;VILA MARIA/VILA GUILHERME
3100057;1691;ATIVO;PRIVATIVO;COMUM;CARLOS KOSERITZ, PÇA;1;2227270;43770;NORTE;VILA MARIA/VILA GUILHERME
3100065;1197;ATIVO;PRIVATIVO;COMUM;ALCIDES DE OLIVEIRA 3º SGTO, AL.;84;2145040;5614;NORTE;VILA MARIA/VILA GUILHERME
3100073;1481;ATIVO;PRIVATIVO;COMUM;EDU CHAVES, AV.;1766;2229001;62243;NORTE;JACANA/TREMEMBE
3100081;716;ATIVO;PRIVATIVO;COMUM;ANGELO CONTI, PÇA;63;2138020;13897;NORTE;VILA MARIA/VILA GUILHERME
3100090;633;BLOQUEADO;PRIVATIVO;COMUM;MARIA CANDIDA, R.;207;2071013;131725;NORTE;VILA MARIA/VILA GUILHERME
3100103;2000;ATIVO;PRIVATIVO;COMUM;GABRIELA MISTRAL, AV.;160;3701000;77038;LESTE;PENHA
3100120;1271;ATIVO;PRIVATIVO;COMUM;GEOLANDIA, R.;489;2217000;146676;NORTE;VILA MARIA/VILA GUILHERME
3100154;2432;ATIVO;PRIVATIVO;COMUM;ARGOLO FERRÃO MAL., AV.;49;2139000;21709;NORTE;VILA MARIA/VILA GUILHERME
3100324;;ATIVO;LIVRE;COMUM;TÓKIO, PÇA;1;2132150;190330;NORTE;VILA MARIA/VILA GUILHERME
4020014;1609;ATIVO;PRIVATIVO;COMUM;CONCÓRDIA DA, LGO;120;3011010;139670;LESTE;MOOCA
4020022;877;ATIVO;PRIVATIVO;COMUM;FIGUEIRA DA, R.;831;3102010;71226;CENTRO OESTE;SE
4020030;1819;ATIVO;PRIVATIVO;COMUM;VASCO DA GAMA, R.;26;3003050;194999;LESTE;MOOCA
4020049;2687;ATIVO;PRIVATIVO;COMUM;JUTA DA, R.;368;3010010;114561;LESTE;MOOCA
4040023;1959;ATIVO;PRIVATIVO;COMUM;CAVALHEIRO, R.;216;3050010;46442;LESTE;MOOCA
4060016;2929;ATIVO;PRIVATIVO;COMUM;SERRA DO JAPI, R.;641;3309000;180718;LESTE;MOOCA
4065018;;ATIVO;LIVRE;COMUM RADIO;ULISSES CRUZ, R.;1201;3077000;193283;LESTE;MOOCA
4065026;;ATIVO;LIVRE;COMUM RADIO;CALHEIROS ALM., R.;467;3066070;39098;LESTE;MOOCA
4080041;1140;ATIVO;PRIVATIVO;COMUM;NOVO MUNDO, PÇA;368;2185000;148156;NORTE;VILA MARIA/VILA GUILHERME
4080050;1647;ATIVO;PRIVATIVO;COMUM;FRANCISCO FANGANIELO, R.;127;2181160;211613;NORTE;VILA MARIA/VILA GUILHERME
4080068;272;ATIVO;PRIVATIVO;COMUM;SANTO ELIAS, R.;272;3086050;63207;LESTE;MOOCA
4080076;1682;ATIVO;PRIVATIVO;COMUM;SÍRIA, R.;100;3086040;183474;LESTE;MOOCA
4080114;;ATIVO;LIVRE;ESPECIAL;SÃO JOSÉ DO MARANHÃO, LGO;1;3089010;109274;LESTE;MOOCA
4080122;1277;ATIVO;PRIVATIVO;COMUM;SANTA MARIA, R.;264;3085000;131156;LESTE;MOOCA
4080262;2919;ATIVO;PRIVATIVO;COMUM;GASPAR FREI, R.;780;3048020;77909;LESTE;MOOCA
4085019;;ATIVO;LIVRE;COMUM RADIO;SÃO JOSÉ DO MARANHÃO, LGO;207;3089010;109274;LESTE;MOOCA
4100018;476;ATIVO;PRIVATIVO;COMUM;PENHA FRANCA, AV.;679;3606010;160520;LESTE;PENHA
4100026;921;ATIVO;PRIVATIVO;COMUM;CANTINHO COM., R.;211;3603020;41483;LESTE;PENHA
4100042;1826;ATIVO;PRIVATIVO;COMUM;PLINIO AUGUSTO DE CAMARGO, R.;294;3607020;164283;LESTE;PENHA
4100050;1965;ATIVO;PRIVATIVO;COMUM;PENHA DE FRANÇA, AV.;211;3606010;160520;LESTE;PENHA
4120035;1126;ATIVO;PRIVATIVO;COMUM;FAUSTINO PAGANINI, R.;726;3732010;69132;LESTE;PENHA
4120043;2736;EXTINTO;PRIVATIVO;COMUM;CLAUDIA, R.;1;3617000;50326;LESTE;PENHA
4120221;1412;ATIVO;PRIVATIVO;COMUM;JOSÉ PINHEIRO, R.;332;3716160;111597;LESTE;PENHA
4140044;2475;ATIVO;PRIVATIVO;COMUM;CARVALHO PINTO GOV., AV.;962;3601000;437778;LESTE;PENHA
4140052;1148;ATIVO;PRIVATIVO;COMUM;GAJÊ, PÇA;55;3725040;305790;LESTE;PENHA
4148010;;ATIVO;;COMUM; ALFREDO RIBEIRO DE CASTRO, AV;189;3725010;206768;LESTE;PENHA
4160037;847;ATIVO;PRIVATIVO;COMUM;OLAVO EGÍDIO DE SOUZA ARANHA, R.;958;3822000;149179;LESTE;PENHA
4160134;942;ATIVO;PRIVATIVO;COMUM;GIOVANNI FIANI, PÇA;1;3746050;220108;LESTE;ERMELINO MATARAZZO
4160177;1420;ATIVO;PRIVATIVO;COMUM;OLAVO E. S. ARANHA, AV.;2334;3822000;149179;LESTE;ERMELINO MATARAZZO
4180020;1491;ATIVO;PRIVATIVO;COMUM;FIORAVANTE LOPES GARCIA, R.;14;3811000;71528;LESTE;ERMELINO MATARAZZO
4180038;1513;ATIVO;PRIVATIVO;COMUM;RODRIGO DE BRUM, AL.;170;3807230;599050;LESTE;ERMELINO MATARAZZO
4180046;1573;ATIVO;PRIVATIVO;COMUM;JOSÉ LOPES RODRIGUES, R.;117;3810150;217590;LESTE;ERMELINO MATARAZZO
4180054;2260;EXTINTO;PRIVATIVO;COMUM;VITÓRIA SIMIONATO, R.;848;3808170;19283;LESTE;ERMELINO MATARAZZO
4180151;748;ATIVO;PRIVATIVO;COMUM;MIGUEL RACHID, R.;263;3808130;139416;LESTE;ERMELINO MATARAZZO
4185013;;ATIVO;LIVRE;COMUM RADIO;RAUL GOMES, R.;57;3807120;695912;LESTE;ERMELINO MATARAZZO
4200012;1283;ATIVO;PRIVATIVO;COMUM;ALBARDÃO, R.;80;8110400;140872;LESTE;ITAIM PAULISTA
4200020;834;ATIVO;PRIVATIVO;COMUM;LAUDELINO FERREIRA DO AMARAL TTE, AV.;600;8060000;116092;LESTE;SAO MIGUEL
4200039;2001;ATIVO;PRIVATIVO;COMUM;PIRES DO RIO,  AV.;4167;3450000;95800;LESTE;ITAQUERA
4200047;2585;ATIVO;PRIVATIVO;COMUM;TATUIRA, R.;19;8040020;671983;LESTE;SAO MIGUEL
4205022;;ATIVO;LIVRE;COMUM RADIO;NICOLAU CAMPANELA, R.;369;8230600;145688;LESTE;ITAQUERA
4205030;;ATIVO;LIVRE;COMUM RADIO;IRINEU BONARDI, R.;1;8011180;93394;LESTE;SAO MIGUEL
4220021;1110;ATIVO;PRIVATIVO;COMUM;HENRIQUE DE PAULA FRANÇA, R.;137;8010080;86835;LESTE;SAO MIGUEL
4220064;93;ATIVO;PRIVATIVO;COMUM;GETÚLIO VARGAS FILHO, PÇA;215;8010040;138916;LESTE;SAO MIGUEL
4220072;751;ATIVO;PRIVATIVO;COMUM;JOSÉ GUILHERME EIRAS DR, R.;293;8010220;110000;LESTE;SAO MIGUEL
4220080;2418;ATIVO;PRIVATIVO;COMUM;ITAIM, AV.;74;8110840;94536;LESTE;ITAIM PAULISTA
4220099;760;ATIVO;PRIVATIVO;COMUM;LUIZ PICOLO, R.;1;8010320;122831;LESTE;SAO MIGUEL
4220102;742;ATIVO;PRIVATIVO;COMUM;ALEIXO MONTEIRO MAFRA PE, PÇA;369;8011010;6050;LESTE;SAO MIGUEL
4220145;511;ATIVO;PRIVATIVO;COMUM;JOSÉ OTONI, R.;189;8010290;111309;LESTE;SAO MIGUEL
4220196;;ATIVO;LIVRE;COMUM;MIGUEL ANGELO LAPENA, R.;43;8010040;138916;LESTE;SAO MIGUEL
4240014;1453;ATIVO;PRIVATIVO;COMUM;SÃO GONÇALO DO RIO DAS PEDRAS, R.;1583;8010090;178209;LESTE;ITAIM PAULISTA
4260015;2928;ATIVO;PRIVATIVO;COMUM;CANAL DE TUTOIA, AV;28;8121220;749346;LESTE;ITAIM PAULISTA
5020018;1468;ATIVO;PRIVATIVO;COMUM;RANGEL PESTANA, AV.;500;3002000;168700;LESTE;MOOCA
5020034;1753;ATIVO;PRIVATIVO;COMUM;DOMINGOS PAIVA, R.;420;3043000;60461;LESTE;MOOCA
5020042;2397;ATIVO;PRIVATIVO;COMUM;PIRATININGA, R.;165;3042001;163589;LESTE;MOOCA
5040027;329;ATIVO;PRIVATIVO;COMUM;MARIA MARCOLINA, R.;818;3011000;133035;LESTE;MOOCA
5040035;2106;ATIVO;PRIVATIVO;COMUM;GOMES CARDIM, R.;22;3050000;80829;LESTE;MOOCA
5040051;2414;ATIVO;PRIVATIVO;COMUM;COIMBRA, R.;620;3052030;51560;LESTE;MOOCA
5060010;114;ATIVO;PRIVATIVO;COMUM;GUILHERME RUDGE MAJOR, PÇA;1;3014020;84980;LESTE;MOOCA
5080037;2155;ATIVO;PRIVATIVO;COMUM;CARLOS OLIVA CEL, R.;40;3067010;43982;LESTE;MOOCA
5080096;1445;ATIVO;PRIVATIVO;COMUM;MELO PEIXOTO, R. (ESTAÇÃO CARRÃO);1445;3070000;138053;LESTE;MOOCA
5100020;262;ATIVO;PRIVATIVO;COMUM;JOAQUIM ALVES PRAÇA;10;3631000;82627;LESTE;PENHA
5100046;460;ATIVO;PRIVATIVO;COMUM;MICAELA VIEIRA DA, PÇA;107;3634120;80314;LESTE;PENHA
5100054;766;ATIVO;PRIVATIVO;COMUM;SÓCRATES GAL, R.;112;3632040;183822;LESTE;PENHA
5100070;564;ATIVO;PRIVATIVO;COMUM;AVELINO CARNEIRO CAP., R.;397;3603010;26271;LESTE;PENHA
5100089;2014;ATIVO;PRIVATIVO;COMUM;ROSÁRIO DO, LGO;1;3634020;174491;LESTE;PENHA
5105013;;ATIVO;LIVRE;COMUM RADIO;SANTO AFONSO, R.;163;3632020;2542;LESTE;PENHA
5120012;686;EXTINTO;PRIVATIVO;COMUM;MARIA CARLOTA, R.;204;3647000;131776;LESTE;PENHA
5120039;1287;ATIVO;PRIVATIVO;COMUM;ALVINÓPOLIS, R.;496;3644070;9296;LESTE;PENHA
5120047;2206;ATIVO;PRIVATIVO;COMUM;CHAMANÁ, R.;9;3613040;48461;LESTE;PENHA
5120080;1439;ATIVO;PRIVATIVO;COMUM;ALVINÓPOLIS, R.;84;3644070;9296;LESTE;PENHA
5120098;2902;ATIVO;PRIVATIVO;COMUM;UICÓ, R.;450;3621020;193208;LESTE;PENHA
5125014;;ATIVO;LIVRE;COMUM RADIO;CANDAPUÍ, R.;115;3621000;40878;LESTE;PENHA
5140013;1360;ATIVO;PRIVATIVO;COMUM;SÃO SERAPIÃO, R.;28;3664000;180122;LESTE;PENHA
5140030;1759;ATIVO;PRIVATIVO;COMUM;VIEIRA MENDES, R.;18;3651150;196983;LESTE;PENHA
5140048;806;ATIVO;PRIVATIVO;COMUM;BOAVENTURA RODRIGUES DA SILVA, R.;63;3801120;34142;LESTE;ERMELINO MATARAZZO
5160014;1459;ATIVO;PRIVATIVO;COMUM;BOIPEVA, R.;18;8220030;34320;LESTE;PENHA
5160049;835;ATIVO;PRIVATIVO;COMUM;JUAZEIRO DO NORTE, R.;47;3687000;106275;LESTE;PENHA
5160073;2306;ATIVO;PRIVATIVO;COMUM;SANTA QUITÉRIA, PÇA;1;3688130;167738;LESTE;PENHA
5165016;;ATIVO;LIVRE;COMUM RADIO;JARAUARÁ, R.;445;3665000;99627;LESTE;PENHA
5180023;1496;ATIVO;PRIVATIVO;COMUM;PROFESSORAS DAS, PÇA;63;8225320;166448;LESTE;ITAQUERA
5180066;1310;ATIVO;PRIVATIVO;COMUM;CAMPANELLA , AV.;2351;8220831;39942;LESTE;ITAQUERA
5200016;2852;ATIVO;PRIVATIVO;COMUM;FRANCISCO ALARICO BERGAMO, R.;45;8230010;73440;LESTE;ITAQUERA
5240069;2602;ATIVO;PRIVATIVO;COMUM;BELMIRO VALVERDE, R.;13;8450050;31020;LESTE;GUAIANAZES
5240085;833;ATIVO;PRIVATIVO;COMUM;BENEDITO LEITE DE ÁVILA, R.;435;8441380;31690;LESTE;GUAIANAZES
6080014;2132;ATIVO;PRIVATIVO;COMUM;ITAPURA, R.;1098;3322001;26735;LESTE;MOOCA
6080022;2983;EXTINTO;PRIVATIVO;COMUM;CANTAGALO, R.;808;3319000;41440;LESTE;MOOCA
6080030;2993;EXTINTO;PRIVATIVO;COMUM;SERRA DE BRAGANÇA, R.;700;3318000;180688;LESTE;MOOCA
6100015;1282;ATIVO;PRIVATIVO;COMUM;JULIO COLAÇO, R.;95;3503000;183709;LESTE;PENHA
6100031;1650;ATIVO;PRIVATIVO;COMUM;MACIEL MONTEIRO, R.;287;3566000;124613;LESTE;PENHA
6100040;1896;ATIVO;PRIVATIVO;COMUM;OSVALDO GOMES BARRETO, R.;208;3422010;151700;LESTE;ARICANDUVA
6100058;1697;ATIVO;PRIVATIVO;COMUM;ANTÔNIO LOBO, R.;74;3634030;17701;LESTE;PENHA
6120032;1474;ATIVO;PRIVATIVO;COMUM;BRASÍLIO PEREIRA DE MELO, AV.;315;3522000;36161;LESTE;PENHA
6120040;1458;ATIVO;PRIVATIVO;COMUM;WALDEMAR CARLOS PEREIRA, AV.;548;3533001;82619;LESTE;PENHA
6120059;160;ATIVO;PRIVATIVO;COMUM;QUINZE DE OUTUBRO, PÇA;1;3449080;167568;LESTE;ARICANDUVA
6120067;629;ATIVO;PRIVATIVO;COMUM;MARCONDES DE BRITO, AV.;1500;3509000;129445;LESTE;PENHA
6120075;2136;ATIVO;PRIVATIVO;COMUM;CARNEIRO RIBEIRO, AV.;193;3461030;44806;LESTE;ARICANDUVA
6120156;;ATIVO;LIVRE;COMUM;MOISÉS MARX, R.;454;3507000;141054;LESTE;PENHA
6120210;1457;ATIVO;PRIVATIVO;COMUM;PEDRO DIAS DE CAMPOS CEL, R.;1024;3508010;159158;LESTE;PENHA
6125018;;ATIVO;LIVRE;COMUM RADIO;JOSÉ MENDES JR, R.;57;3510030;111040;LESTE;PENHA
6140017;1111;ATIVO;PRIVATIVO;COMUM;ANTÔNIO ESTEVÃO DE CARVALHO, AV.;2520;3540200;17027;LESTE;PENHA
6140025;975;ATIVO;PRIVATIVO;COMUM;KIYOSHI HIRATA, R.;77;3547110;115029;LESTE;PENHA
6140033;1524;ATIVO;PRIVATIVO;COMUM;MAR DE ESPANHA, R.;51;3558080;128309;LESTE;PENHA
6140068;1913;ATIVO;PRIVATIVO;COMUM;ALEXANDRE MARTINS MACHADO, PÇA;1;3566010;86924;LESTE;PENHA
6140076;949;ATIVO;PRIVATIVO;COMUM;WALDEMAR CARLOS PEREIRA, R.;1613;3533003;82619;LESTE;PENHA
6140084;2052;ATIVO;PRIVATIVO;COMUM;SOARES DE CAMARGO ENGº, AV.;10;3556000;183652;LESTE;PENHA
6140092;2212;ATIVO;PRIVATIVO;COMUM;ESTANISLAU DE CAMPOS PE, R.;860;3590060;361739;LESTE;PENHA
6140181;1451;ATIVO;PRIVATIVO;COMUM;COSTA REGO, R.;30;3542030;54410;LESTE;PENHA
6160018;1312;ATIVO;PRIVATIVO;COMUM;OSVALDO VALLE CORDEIRO, AV.;150;3584000;222682;LESTE;ITAQUERA
6160026;1535;ATIVO;PRIVATIVO;COMUM;ESTANISLAU DE CAMPOS PADRE, AV.;649;3590060;361739;LESTE;PENHA
6160042;1167;EXTINTO;PRIVATIVO;COMUM;WALDEMAR TIETZ, AV.;1098;3589001;346543;LESTE;PENHA
6160069;1562;EXTINTO;PRIVATIVO;COMUM;FRANCISCO DE TOLEDO PADRE, AV;400;3590120;361720;LESTE;PENHA
6160085;2516;ATIVO;PRIVATIVO;COMUM;WALDEMAR TIETZ, AV.;541;3589000;346543;LESTE;PENHA
6160174;1346;ATIVO;PRIVATIVO;COMUM;CAMPOS DE MOURA DR , R.;467;3568010;40452;LESTE;PENHA
6165010;;ATIVO;LIVRE;COMUM RADIO;CÉSAR DIAZ, R.;53;3591000;412376;LESTE;PENHA
6165028;;ATIVO;LIVRE;COMUM RADIO;NICOLAU DA FONSECA IRMÃO, R.;285;3590170;361550;LESTE;PENHA
6165036;;EXTINTO;LIVRE;COMUM RADIO;ESTEVAO DIAS VERGARA, R.;434;8275120;659894;LESTE;ITAQUERA
6180191;697;ATIVO;PRIVATIVO;COMUM;SANTA MARCELINA, R.;177;8270070;128910;LESTE;ITAQUERA
6180205;1444;ATIVO;PRIVATIVO;COMUM;ITAQUERA - METRÔ;1;8220250;28754;LESTE;ITAQUERA
6200052;1184;ATIVO;PRIVATIVO;COMUM;JOÃO BATISTA CONTI PROFº, AV.;1100;8255210;101524;LESTE;ITAQUERA
6200060;1234;ATIVO;PRIVATIVO;COMUM;CARLOS SAMPAIO, R.;176;1333020;44105;CENTRO OESTE;SE
6200079;837;ATIVO;PRIVATIVO;COMUM;PAULO LOPES LEÃO, R.;801;8210510;146803;LESTE;ITAQUERA
6200095;2174;ATIVO;PRIVATIVO;COMUM;NAGIB FARAH MALUF, R.;100;8255000;372099;LESTE;ITAQUERA
6200109;2351;ATIVO;PRIVATIVO;COMUM;JACÚ PÊSSEGO, AV.;1200;8260005;469360;LESTE;ITAQUERA
6200117;2479;ATIVO;PRIVATIVO;COMUM;ITALINA, R.;450;8290000;260460;LESTE;ITAQUERA
6200141;2535;ATIVO;PRIVATIVO;COMUM;FLORES DE PIAUÍ, R.;150;8210090;133094;LESTE;ITAQUERA
6205011;;ATIVO;LIVRE;COMUM RADIO;KEN SUGAYA, R.;159;8210100;171239;LESTE;ITAQUERA
6205020;;ATIVO;LIVRE;COMUM RADIO;TOMÉ ALVARES DE CASTRO, R.;45;8290270;190705;LESTE;ITAQUERA
6240054;2842;ATIVO;PRIVATIVO;COMUM;METALÚRGICOS DA, AV.;1110;8474000;453544;LESTE;CIDADE TIRADENTES
6240070;1720;ATIVO;PRIVATIVO;COMUM;IDEAL, R.;72;8461150;89923;LESTE;GUAIANAZES
6240127;1376;ATIVO;PRIVATIVO;COMUM;SALVADOR GIANETTI, R.;1140;8410000;176664;LESTE;GUAIANAZES
6240135;2492;ATIVO;PRIVATIVO;COMUM;MEIRA PENNA DR, R.;61;8410080;137820;LESTE;GUAIANAZES
7060018;2960;EXTINTO;PRIVATIVO;COMUM;COELHO LISBOA,R;420;3323040;51535;LESTE;MOOCA
7060025;800;ATIVO;PRIVATIVO;COMUM;CATIGUÁ, R.;84;3065030;46183;LESTE;MOOCA
7060033;1879;ATIVO;PRIVATIVO;COMUM;SILVIO ROMERO, PÇA;154;3323000;182761;LESTE;MOOCA
7060051;2961;EXTINTO;PRIVATIVO;COMUM;CANTAGALO,R;160;3319000;41440;LESTE;MOOCA
7060069;2962;EXTINTO;PRIVATIVO;COMUM;ISIDRO TINOCO,R;120;3316010;93998;LESTE;MOOCA
7060077;2975;EXTINTO;PRIVATIVO;COMUM;PLATINA,R;21;3308010;164224;LESTE;MOOCA
7060084;775;ATIVO;PRIVATIVO;COMUM;DOMINGOS AGOSTIM, R. (METRÔ TATUAPÉ);199;3306010;59900;LESTE;MOOCA
7065010;;ATIVO;LIVRE;COMUM RADIO;MONTE SERRAT, R.;155;3312000;141780;LESTE;MOOCA
7080018;1101;EXTINTO;PRIVATIVO;COMUM;EUCLIDES PACHECO, R.;437;3321000;67415;LESTE;MOOCA
7080026;691;ATIVO;PRIVATIVO;COMUM;FRANCISCO MARENGO, R.;603;3313000;74888;LESTE;MOOCA
7080042;2216;ATIVO;PRIVATIVO;COMUM;ARNALDO ROSA, R.;1800;3342000;69329;LESTE;ARICANDUVA
7080050;2141;ATIVO;PRIVATIVO;COMUM;MONTE SERRAT, R.;281;3312001;141780;LESTE;MOOCA
7080069;1810;ATIVO;PRIVATIVO;COMUM;EMÍLIA MARENGO, R.;58;3336000;64408;LESTE;ARICANDUVA
7080077;31;ATIVO;PRIVATIVO;COMUM;SERRA DO JAPI, R.;1500;3309001;180718;LESTE;MOOCA
7080085;758;ATIVO;PRIVATIVO;COMUM;SILVIO ROMERO, PÇA;282;3323000;182761;LESTE;MOOCA
7080093;2012;ATIVO;PRIVATIVO;COMUM;AZEVEDO, R.;321;3308000;26581;LESTE;MOOCA
7080107;2213;ATIVO;PRIVATIVO;COMUM;ANTONIO DE BARROS, R.;328;3089000;16578;LESTE;MOOCA
7080131;2305;ATIVO;PRIVATIVO;COMUM;SERRA DE BRAGANCA, R.;1096;3318000;180688;LESTE;MOOCA
7080140;2384;ATIVO;PRIVATIVO;COMUM;COELHO LISBOA, R.;463;3323040;51535;LESTE;MOOCA
7080158;2471;ATIVO;PRIVATIVO;COMUM;SERRA DE JUREA, R.;351;3323020;180726;LESTE;MOOCA
7080166;2724;ATIVO;PRIVATIVO;COMUM;AGUAPEI, R.;520;3325000;3654;LESTE;MOOCA
7080174;1393;ATIVO;PRIVATIVO;COMUM;APUCARANA, R.;1696;3311001;19674;LESTE;MOOCA
7080182;2486;ATIVO;PRIVATIVO;COMUM;ITAPURA, R.;117;3310000;95729;LESTE;MOOCA
7080190;2487;ATIVO;PRIVATIVO;COMUM;PEDREIRA DE FREITAS PROFº , R.;522;3312000;158453;LESTE;MOOCA
7080204;2645;ATIVO;PRIVATIVO;COMUM;ELEONORA CINTRA, R.;960;3337000;63053;LESTE;ARICANDUVA
7080212;2863;ATIVO;PRIVATIVO;COMUM;CORTA VENTO, R.;21;3313010;53953;LESTE;MOOCA
7080239;2903;ATIVO;PRIVATIVO;COMUM;ESTEVÃO PERNET PE, R.;62;3315000;66796;LESTE;MOOCA
7085010;;ATIVO;LIVRE;COMUM RADIO;CANTAGALO, R.;200;3319000;41440;LESTE;MOOCA
7085028;;ATIVO;LIVRE;COMUM RADIO;ITUZAINGÓ, PÇA;1;3334020;96636;LESTE;MOOCA
7085036;;ATIVO;LIVRE;COMUM RADIO;ARMINDO GUARANÁ, R.;262;3335070;22683;LESTE;ARICANDUVA
7085044;;ATIVO;LIVRE;COMUM RADIO;ITAQUI BR. DE, PÇA;1;3310020;95958;LESTE;MOOCA
7085053;;ATIVO;LIVRE;COMUM RADIO;EUCLIDES PACHECO, R.;597;3321000;67415;LESTE;MOOCA
7100019;1516;ATIVO;PRIVATIVO;COMUM;SAMPAIO VIDAL , PÇA;60;3356000;168203;LESTE;ARICANDUVA
7100027;1498;ATIVO;PRIVATIVO;COMUM;ARACÊ, R.;573;3362050;20095;LESTE;ARICANDUVA
7100043;820;EXTINTO;PRIVATIVO;COMUM;ARAPOCA, R.;128;3362000;20699;LESTE;ARICANDUVA
7100051;1633;ATIVO;PRIVATIVO;COMUM;CONSTÂNCIO VAZ GUIMARÃES, PÇA;268;3366000;226114;LESTE;ARICANDUVA
7100078;2169;ATIVO;PRIVATIVO;COMUM;IACRI, R.;65;3430020;88943;LESTE;ARICANDUVA
7100086;1229;ATIVO;PRIVATIVO;COMUM;VALE FORMOSO, R.;224;3410030;194468;LESTE;ARICANDUVA
7100094;641;ATIVO;PRIVATIVO;COMUM;CIRO TURINO MONS., PÇA;588;3432000;162426;LESTE;ARICANDUVA
7100108;294;ATIVO;PRIVATIVO;COMUM;DENTISTA BARRETO, R.;583;3420000;28800;LESTE;ARICANDUVA
7100116;801;ATIVO;PRIVATIVO;COMUM;LUIZ PINTO, R.;573;3427000;122840;LESTE;ARICANDUVA
7100132;1288;ATIVO;PRIVATIVO;COMUM;MELO FREIRE, R.;148;3314030;341223;LESTE;MOOCA
7100159;1314;ATIVO;PRIVATIVO;COMUM;RAINHA SANTA, AL.;419;3425060;168424;LESTE;ARICANDUVA
7100167;2720;ATIVO;PRIVATIVO;COMUM;GUILHERME GIORGI, AV.;799;3422000;352110;LESTE;ARICANDUVA
7100175;2847;ATIVO;PRIVATIVO;COMUM;BAQUIÁ, R.;109;3443000;28088;LESTE;ARICANDUVA
7100183;1734;ATIVO;PRIVATIVO;COMUM;CANÁRIAS, PÇA;1;3359120;40789;LESTE;ARICANDUVA
7100191;2857;EXTINTO;PRIVATIVO;COMUM;CURUPÁ, R.;874;3355010;56308;LESTE;ARICANDUVA
7105010;;ATIVO;LIVRE;COMUM RADIO;NOSSA SENHORA DAS VITÓRIAS, PÇA;153;3356030;147133;LESTE;ARICANDUVA
7120052;2615;ATIVO;PRIVATIVO;COMUM;ODILON PIRES, AV.;11;3455000;148750;LESTE;ARICANDUVA
7120060;2814;ATIVO;PRIVATIVO;COMUM;DEZENOVE DE JANEIRO, AV.;787;3449000;58173;LESTE;ARICANDUVA
7120168;1327;ATIVO;PRIVATIVO;COMUM;RIO DAS PEDRAS, AV.;555;3453000;171352;LESTE;ARICANDUVA
7140029;952;ATIVO;PRIVATIVO;COMUM;EULÁLIO DE CARVALHO, PÇA;276;3908280;41653;LESTE;ARICANDUVA
7140061;1169;ATIVO;PRIVATIVO;COMUM;SANTO JOÃO VICENZOTO, PÇA;57;3451080;207144;LESTE;ARICANDUVA
7140193;1433;ATIVO;PRIVATIVO;COMUM;INCONFIDÊNCIA MINEIRA, AV.;970;3911000;91340;LESTE;ARICANDUVA
7145012;;ATIVO;LIVRE;COMUM RADIO;AGUIM, PÇA;2;3456100;350931;LESTE;ARICANDUVA
7160038;1220;ATIVO;PRIVATIVO;COMUM;LUIZ PIRES DE MINAS, AV.;307;3933070;47520;LESTE;SAO MATEUS
7160208;1464;ATIVO;PRIVATIVO;COMUM;ALESSANDRO GIULIO DELL'ARINGA, R.;256;3959030;6149;LESTE;SAO MATEUS
7165013;;ATIVO;LIVRE;COMUM RADIO;LUIS PIRES DE MINAS, AV.;1068;3933070;47520;LESTE;SAO MATEUS
7180055;2094;ATIVO;PRIVATIVO;COMUM;MIGUEL MOTOKI OGUSHI, R.;7;8320370;230332;LESTE;SAO MATEUS
7180101;745;ATIVO;PRIVATIVO;COMUM;SAPOPEMBA, AV.;21800;3989010;178241;LESTE;SAO MATEUS
8020043;1817;ATIVO;PRIVATIVO;COMUM;MOOCA DA, R;2313;3165002;142131;LESTE;MOOCA
8020061;2935;ATIVO;PRIVATIVO;COMUM;CARNEIRO LEÃO, R.;250;3040000;44784;LESTE;MOOCA
8020087;2974;EXTINTO;PRIVATIVO;COMUM;PRUDENTE DE MORAIS, R.;273;3043040;166731;LESTE;MOOCA
8020272;1497;ATIVO;PRIVATIVO;COMUM;ITAPIRA, R.;175;3102060;95524;LESTE;MOOCA
8040010;1494;ATIVO;PRIVATIVO;COMUM;ORATÓRIO, R.;60;3117010;150347;LESTE;MOOCA
8040044;860;ATIVO;PRIVATIVO;COMUM;IPANEMA, R.;149;3048000;92479;LESTE;MOOCA
8040052;1587;ATIVO;PRIVATIVO;COMUM;JOÃO ANTONIO DE OLIVEIRA, R.;593;3111001;101354;LESTE;MOOCA
8040060;959;ATIVO;PRIVATIVO;COMUM;CATARINA BRAIDA, R.;482;3169030;46035;LESTE;MOOCA
8040079;1957;ATIVO;PRIVATIVO;COMUM;TAQUARI, R.;546;3166000;187038;LESTE;MOOCA
8040087;1217;ATIVO;PRIVATIVO;COMUM;HIPÓDROMO DO, R.;751;3051000;87980;LESTE;MOOCA
8040095;2018;ATIVO;PRIVATIVO;COMUM;TAQUARI, R.;174;3112100;100200;LESTE;MOOCA
8040117;2193;ATIVO;PRIVATIVO;COMUM;SARAPUI, R.;164;3123010;178535;LESTE;MOOCA
8040125;2281;ATIVO;PRIVATIVO;COMUM;DEUS MADRE DE, R.;55;3119000;124877;LESTE;MOOCA
8040133;2336;ATIVO;PRIVATIVO;COMUM;GUAIMBÉ, R.;456;3118030;82708;LESTE;MOOCA
8040141;2482;ATIVO;PRIVATIVO;COMUM;ARNO, AV.;341;3108010;22853;CENTRO OESTE;SE
8040150;2533;ATIVO;PRIVATIVO;COMUM;CANUTO SARAIVA, R.;27;3113010;41572;LESTE;MOOCA
8040168;2534;ATIVO;PRIVATIVO;COMUM;JOÃO TOBIAS, R.;218;3163060;104884;LESTE;MOOCA
8040206;2583;ATIVO;PRIVATIVO;COMUM;CAPITAL, PÇA;19;3115030;426288;LESTE;MOOCA
8040214;2627;ATIVO;PRIVATIVO;COMUM;PORTO FELIZ, R.;138;3180090;165212;LESTE;MOOCA
8040222;2783;EXTINTO;PRIVATIVO;COMUM;ALMEIDA LIMA DR., R.;1290;3103010;7862;LESTE;MOOCA
8040230;2784;ATIVO;PRIVATIVO;COMUM;CURUPACÊ, R.;338;3120010;56316;LESTE;MOOCA
8040249;2858;ATIVO;PRIVATIVO;COMUM;INHOMERIM  VISC. DE, R.;223;3120000;91987;LESTE;MOOCA
8045011;;ATIVO;LIVRE;COMUM RADIO;KENNEDY PRES., PÇA;2;3162040;114928;LESTE;MOOCA
8045020;;ATIVO;LIVRE;COMUM RADIO;WILSON PRES., AV;1172;3107001;199583;LESTE;IPIRANGA
8045038;;ATIVO;LIVRE;COMUM RADIO;JOAO FELIPO MONS., R.;1;3110020;69825;LESTE;MOOCA
8060010;161;ATIVO;PRIVATIVO;COMUM;ITAQUERI, R.;512;3178000;95931;LESTE;MOOCA
8060029;478;ATIVO;PRIVATIVO;COMUM;TERESINA, R.;225;3185010;188310;LESTE;MOOCA
8060053;786;ATIVO;PRIVATIVO;COMUM;CANIMÃ, R.;25;3128020;41343;LESTE;MOOCA
8060061;1522;ATIVO;PRIVATIVO;COMUM;MORAES BRIG., R.;12;3302010;142166;LESTE;MOOCA
8060070;672;ATIVO;PRIVATIVO;COMUM;ITAMARACÁ, R.;437;3179010;94994;LESTE;MOOCA
8060088;596;ATIVO;PRIVATIVO;COMUM;NATAL, R.;1034;3186030;144274;LESTE;MOOCA
8060096;407;ATIVO;PRIVATIVO;COMUM;MOGI MIRIM, R.;23;3187040;140970;LESTE;MOOCA
8060100;1996;ATIVO;PRIVATIVO;COMUM;ACÔNITO, R.;48;3174150;244708;LESTE;MOOCA
8060126;1993;ATIVO;PRIVATIVO;COMUM;ITABAIANA, R.;816;3171010;94161;LESTE;MOOCA
8060134;2214;ATIVO;PRIVATIVO;COMUM;TAQUARI, R.;901;3166001;187038;LESTE;MOOCA
8060142;461;ATIVO;PRIVATIVO;COMUM;ADELINO PE, R.;1157;3303000;1856;LESTE;MOOCA
8060215;1401;ATIVO;PRIVATIVO;COMUM;ORATÓRIO DO, R.;1379;3117010;150347;LESTE;MOOCA
8060231;2912;ATIVO;PRIVATIVO;COMUM;MONTEMAGNO, AV.;348;3371000;141968;LESTE;MOOCA
8060240;2963;EXTINTO;PRIVATIVO;COMUM;GUAIMBÉ,R;350;3118030;82708;LESTE;MOOCA
8060259;3002;ATIVO;PRIVATIVO;COMUM;SAPUCAIA, R;520;3170050;178314;LESTE;MOOCA
8065012;;ATIVO;LIVRE;COMUM RADIO;ALEXANDRE FLEMING, PÇA;2;3180190;6327;LESTE;MOOCA
8080020;709;ATIVO;PRIVATIVO;COMUM;MATURANAS, R.;100;3157100;137316;LESTE;MOOCA
8080038;822;EXTINTO;PRIVATIVO;COMUM;TRISTAO DA CUNHA, PÇA;102;3189030;191736;LESTE;MOOCA
8080046;2826;ATIVO;PRIVATIVO;COMUM;ORATÓRIO DO, R.;3766;3117001;150347;LESTE;VILA PRUDENTE/SAPOPEMBA
8080062;690;ATIVO;PRIVATIVO;COMUM;ITAPIGI, R.;141;3193010;95478;LESTE;MOOCA
8080135;466;ATIVO;PRIVATIVO;COMUM;EDUARDO TABERNEIRO RANGEL, PÇA;1;3351000;137383;LESTE;MOOCA
8080144;3013;ATIVO;PRIVATIVO;COMUM;ESTEVÃO PERNET PE, R.;912;3315000;66796;LESTE;MOOCA
8080276;3044;BLOQUEADO;PRIVATIVO;COMUM;JOSE OSCAR ABREU SAMPAIO RUA;1;3337020;111252;LESTE;ARICANDUVA
8100012;930;ATIVO;PRIVATIVO;COMUM;FÁBIO, R.;31;3378060;68624;LESTE;ARICANDUVA
8100047;653;ATIVO;PRIVATIVO;COMUM;JOÃO XXIII, AV.;38;3361000;105031;LESTE;ARICANDUVA
8100055;2367;ATIVO;PRIVATIVO;COMUM;DEZOITO DE FEVEREIRO, R.;188;3373070;58211;LESTE;ARICANDUVA
8120129;1210;ATIVO;PRIVATIVO;COMUM;BARREIRA GRANDE DA, ESTR.;1190;3916000;28789;LESTE;VILA PRUDENTE/SAPOPEMBA
8140022;871;ATIVO;PRIVATIVO;COMUM;CASTRO AVELAENS, R.;14;3920230;594334;LESTE;VILA PRUDENTE/SAPOPEMBA
8140030;1632;EXTINTO;PRIVATIVO;COMUM;ANTONIO LAZARO, R.;136;3924080;336211;LESTE;VILA PRUDENTE/SAPOPEMBA
8140049;2725;ATIVO;PRIVATIVO;COMUM;SAPOPEMBA, AV;8807;3988010;178241;LESTE;VILA PRUDENTE/SAPOPEMBA
8160201;1394;ATIVO;PRIVATIVO;COMUM;MANUEL FRANÇA DOS SANTOS, R.;229;3975130;782777;LESTE;VILA PRUDENTE/SAPOPEMBA
9020047;1206;ATIVO;PRIVATIVO;COMUM;CAMPOS SALES, R.;214;3041090;40525;LESTE;MOOCA
9020055;1981;ATIVO;PRIVATIVO;COMUM;AZEVEDO JUNIOR, R.;13;3040020;26670;CENTRO OESTE;SE
9040013;2792;ATIVO;PRIVATIVO;COMUM;PRATES CONDE, R.;34;3122000;165824;LESTE;MOOCA
9040056;950;ATIVO;PRIVATIVO;COMUM;ARARIBÓIA,R.;227;3113070;20940;LESTE;MOOCA
9060015;2964;EXTINTO;PRIVATIVO;COMUM;JUVENTUS,R;100;3124020;112658;LESTE;MOOCA
9060022;769;ATIVO;PRIVATIVO;COMUM;JUVENTUS, R.;526;3124020;112658;LESTE;MOOCA
9060057;1255;EXTINTO;PRIVATIVO;COMUM;CAMÉ, R.;1016;3121020;39667;LESTE;MOOCA
9060065;2520;ATIVO;PRIVATIVO;COMUM;ENRICO BASTIGLIA, R.;97;3125050;617059;LESTE;MOOCA
9060073;2806;EXTINTO;PRIVATIVO;COMUM;JOÃO PADILHA, R.;105;3109010;364398;LESTE;VILA PRUDENTE/SAPOPEMBA
9060090;;ATIVO;LIVRE;ESPECIAL;VITOANTONIO DEL VECHIO, R.;106;3124070;198331;LESTE;MOOCA
9060103;2965;EXTINTO;PRIVATIVO;COMUM;APARAJÚ,R;21;3127020;19160;LESTE;MOOCA
9060112;3019;ATIVO;PRIVATIVO;COMUM;JOÃO PADILHA, R. ( SHOPPING MOOCA);104;3109010;364398;LESTE;VILA PRUDENTE/SAPOPEMBA
9065016;;ATIVO;LIVRE;COMUM RADIO;WILHELM BERNAUER, PÇA;1;3126090;220140;LESTE;VILA PRUDENTE/SAPOPEMBA
9080031;557;ATIVO;PRIVATIVO;COMUM;DAMIÃO PADRE, PÇA;91;3126050;56820;LESTE;VILA PRUDENTE/SAPOPEMBA
9080058;1795;ATIVO;PRIVATIVO;COMUM;ITUVERAVA, R.;656;3151020;96601;LESTE;VILA PRUDENTE/SAPOPEMBA
9080066;530;ATIVO;PRIVATIVO;COMUM;ZELINA,  AV.;859;3143001;200590;LESTE;VILA PRUDENTE/SAPOPEMBA
9080082;2369;ATIVO;PRIVATIVO;COMUM;FRANCISCO FALCONI, AV.;837;3227000;656348;LESTE;VILA PRUDENTE/SAPOPEMBA
9080090;2480;ATIVO;PRIVATIVO;COMUM;GUAMIRANGA,R. ( METRO TAMANDUATEÍ-SHOP);1001;4220020;135569;LESTE;VILA PRUDENTE/SAPOPEMBA
9080104;1320;ATIVO;PRIVATIVO;COMUM;VILA  EMA, AV.;1300;3156000;197084;LESTE;VILA PRUDENTE/SAPOPEMBA
9080113;3001;ATIVO;PRIVATIVO;COMUM;ITAMAMBUCA, R;177;3132100;95133;LESTE;VILA PRUDENTE/SAPOPEMBA
9080121;3030;ATIVO;PRIVATIVO;COMUM;PARAIBUNA, R.;528;3151120;154431;LESTE;VILA PRUDENTE/SAPOPEMBA
9085017;;ATIVO;LIVRE;COMUM RADIO;MENDONÇA CORTE REAL, R.;88;3227110;745910;LESTE;VILA PRUDENTE/SAPOPEMBA
9085025;;ATIVO;LIVRE;COMUM RADIO;FRANCISCO FALCONI, AV.;275;3227000;656348;LESTE;VILA PRUDENTE/SAPOPEMBA
9100016;1421;ATIVO;PRIVATIVO;COMUM;TRÊS PEDRAS, R.;28;3209010;191442;LESTE;VILA PRUDENTE/SAPOPEMBA
9100040;1833;ATIVO;PRIVATIVO;COMUM;COSTA BARROS, R.;2050;3210001;54259;LESTE;VILA PRUDENTE/SAPOPEMBA
9100059;2056;ATIVO;PRIVATIVO;COMUM;ROBÉRIO DIAS, R.;25;3283020;212490;LESTE;VILA PRUDENTE/SAPOPEMBA
9120017;2256;ATIVO;PRIVATIVO;COMUM;NOVA TIMBOTEUA, R.;39;3267110;147923;LESTE;VILA PRUDENTE/SAPOPEMBA
9120076;802;EXTINTO;PRIVATIVO;COMUM;BARROS SOBRINHO, R.;137;3283190;11495;LESTE;VILA PRUDENTE/SAPOPEMBA
9120084;696;ATIVO;PRIVATIVO;COMUM;SÃO LUCAS, AV.;161;3239000;120472;LESTE;VILA PRUDENTE/SAPOPEMBA
9140042;913;EXTINTO;PRIVATIVO;COMUM;ANA CLARA, R.;320;3257000;11630;LESTE;VILA PRUDENTE/SAPOPEMBA
10025014;;ATIVO;LIVRE;COMUM RADIO;ODORICO MENDES, R.;632;3106030;148806;SUL;SE
10060022;346;ATIVO;PRIVATIVO;COMUM;LECOR GENERAL, R.;558;4213020;116882;SUL;IPIRANGA
10060049;1621;ATIVO;PRIVATIVO;COMUM;LIMA E SILVA, R.;950;4215020;118745;SUL;IPIRANGA
10060057;1657;ATIVO;PRIVATIVO;COMUM;CIPRIANO BARATA, R.;1051;4205000;49638;SUL;IPIRANGA
10060065;2365;ATIVO;PRIVATIVO;COMUM;CISPLATINA, R.;23;4211040;50032;SUL;IPIRANGA
10060073;2105;ATIVO;PRIVATIVO;COMUM;DOIS DE JULHO, R.;512;4215000;59722;SUL;IPIRANGA
10060081;2431;ATIVO;PRIVATIVO;COMUM;AGOSTINHO GOMES, R.;1455;4206000;3310;SUL;IPIRANGA
10060090;2598;ATIVO;PRIVATIVO;COMUM;AGOSTINHO GOMES, R.;1820;4206000;3310;SUL;IPIRANGA
10060103;2630;ATIVO;PRIVATIVO;COMUM;CIPRIANO BARATA, R.;1517;4205000;49638;SUL;IPIRANGA
10060111;2702;EXTINTO;PRIVATIVO;COMUM;CIPRIANO BARATA, R.;2388;4205002;49638;SUL;IPIRANGA
10060120;2834;ATIVO;PRIVATIVO;COMUM;SILVA BUENO, R.;767;4208050;181722;SUL;IPIRANGA
10065016;;ATIVO;LIVRE;COMUM RADIO;XAVIER CURADO, R.;60;4210100;199834;SUL;IPIRANGA
10065024;;ATIVO;LIVRE;COMUM RADIO;XAVIER DE ALMEIDA, RUA;316;4211001;199885;SUL;IPIRANGA
10080023;495;ATIVO;PRIVATIVO;COMUM;SILVA BUENO, R.;643;4208050;181722;SUL;IPIRANGA
10080040;1710;ATIVO;PRIVATIVO;COMUM;METRO TAMANDUATEÍ;383;3107001;199583;SUL;IPIRANGA
10080066;1713;ATIVO;PRIVATIVO;COMUM;IBITIRAMA, R.;1453;3133200;89559;LESTE;VILA PRUDENTE/SAPOPEMBA
10080082;1743;ATIVO;PRIVATIVO;COMUM;FRANCISCO PERES, R.;184;4280010;75299;SUL;IPIRANGA
10080090;2199;ATIVO;PRIVATIVO;COMUM;LABATUT, R.;539;4214000;115061;SUL;IPIRANGA
10080104;2289;ATIVO;PRIVATIVO;COMUM;VOLGA, R.;124;4286120;198781;SUL;IPIRANGA
10080120;2436;ATIVO;PRIVATIVO;COMUM;ALENCAR ARARIPE, R.;611;4253000;6092;SUL;IPIRANGA
10080139;2441;ATIVO;PRIVATIVO;COMUM;CLEMENTE PEREIRA, R.;450;4216060;50830;SUL;IPIRANGA
10080147;2540;ATIVO;PRIVATIVO;COMUM;JOÃO DE SOUZA SGTO MOR, R.;73;4209060;102610;SUL;IPIRANGA
10080155;2860;ATIVO;PRIVATIVO;COMUM;GONÇALVES LEDO, R.;473;4216030;81361;SUL;IPIRANGA
10080181;2995;ATIVO;PRIVATIVO;COMUM;GREENFELD, R.;198;4218100;82040;SUL;IPIRANGA
10085017;;ATIVO;LIVRE;COMUM RADIO;FREDERICO OZANAN, PÇA;13;4286010;76210;SUL;IPIRANGA
10100016;962;ATIVO;PRIVATIVO;COMUM;ANDRÉ NUNES, PÇA;50;4165160;13234;SUL;IPIRANGA
10100040;582;ATIVO;PRIVATIVO;COMUM;SÃO JOÃO  CLÍMACO, LGO;4;4255000;102083;SUL;IPIRANGA
10100059;951;ATIVO;PRIVATIVO;COMUM;RUBENS GRANJA DEP., AV.;117;4298000;47481;SUL;IPIRANGA
10100067;1475;ATIVO;PRIVATIVO;COMUM;SANTO ALBANO, AV.;379;4296000;4502;SUL;IPIRANGA
10100075;1978;ATIVO;PRIVATIVO;COMUM;TITO OLIANI, R.;13;4256000;81850;SUL;IPIRANGA
10100083;2265;ATIVO;PRIVATIVO;COMUM;ITALVA, R.;80;4292030;675717;SUL;IPIRANGA
10100091;2327;ATIVO;PRIVATIVO;COMUM;VILARES DOM, R.;551;4160001;197238;SUL;IPIRANGA
10100148;;ATIVO;LIVRE;COMUM;MANOEL SAETA GARCIA, R.;33;4256270;738689;SUL;IPIRANGA
10100157;3028;ATIVO;PRIVATIVO;COMUM;SANTA ROSA JUNIOR, R.;189;5579011;174203;OESTE;BUTANTA
10105026;;ATIVO;LIVRE;COMUM RADIO;GAÚCHA, PÇA;98;4247020;12408;SUL;IPIRANGA
10105034;;ATIVO;LIVRE;COMUM RADIO;ALBERTO I, RUA;114;4298060;5070;SUL;IPIRANGA
10120017;2484;ATIVO;PRIVATIVO;COMUM;ARNALDO JOÃO SEMERARO PROFº,  R.;41;4184000;59870;SUL;IPIRANGA
10120025;;ATIVO;LIVRE;COMUM;EUGÊNIO EGAS, R.;82;4177410;67717;SUL;IPIRANGA
10120026;3033;ATIVO;PRIVATIVO;COMUM;OTÁVIO MANGABEIRA SENADOR, R.;71;5662000;148504;OESTE;BUTANTA
10120492;1032;ATIVO;PRIVATIVO;LUXO;AEROPORTO DE CONGONHAS;4008;4662000;199311;SUL;SANTO AMARO
11020024;1502;ATIVO;PRIVATIVO;COMUM;HERMINIO LEMOS, R.;305;1540000;87564;CENTRO OESTE;SE
11020032;794;ATIVO;PRIVATIVO;COMUM;GALVÃO BUENO, R.;257;1506000;77330;CENTRO OESTE;SE
11020040;1575;ATIVO;PRIVATIVO;COMUM;GLÓRIA DA, R.;252;1510000;80292;CENTRO OESTE;SE
11020059;1152;ATIVO;PRIVATIVO;COMUM;DEMOSTENES B  FIGUEIRA MARQUES  PROF, R.;9;1518010;57886;CENTRO OESTE;SE
11020067;1631;ATIVO;PRIVATIVO;COMUM;SETE DE SETEMBRO, LGO.;2;1501050;181153;CENTRO OESTE;SE
11020075;141;ATIVO;PRIVATIVO;COMUM;CASTRO ALVES, R.;26;1532000;45683;CENTRO OESTE;SE
11020083;1606;ATIVO;PRIVATIVO;COMUM;ESMERALDA, R.;194;1531040;66001;CENTRO OESTE;SE
11020091;1832;ATIVO;PRIVATIVO;COMUM;GLÓRIA DA, R.;252;1510000;80292;CENTRO OESTE;SE
11020105;1168;ATIVO;PRIVATIVO;COMUM;GALVÃO BUENO, R.;488;1506000;77330;CENTRO OESTE;SE
11020113;1177;ATIVO;PRIVATIVO;COMUM;LEOPOLDO MIGUEZ, R.;327;1518020;117943;CENTRO OESTE;SE
11020121;1883;ATIVO;PRIVATIVO;COMUM;TAQUÁ, R.;208;1508010;186988;CENTRO OESTE;SE
11020130;943;ATIVO;PRIVATIVO;COMUM;TURMALINA, AV;191;1531020;192643;CENTRO OESTE;SE
11020148;1792;ATIVO;PRIVATIVO;COMUM;FURTADO CONS. R.;388;1507000;90328;CENTRO OESTE;SE
11020156;1196;ATIVO;PRIVATIVO;COMUM;NINA RODRIGUES, PÇA;532;1517030;146200;CENTRO OESTE;SE
11020164;2195;ATIVO;PRIVATIVO;COMUM;JOSÉ GETÚLIO, R.;252;1509001;109924;CENTRO OESTE;SE
11020172;2279;ATIVO;PRIVATIVO;COMUM;CAMBUCI DO, LGO;109;1523010;39616;CENTRO OESTE;SE
11020199;2321;ATIVO;PRIVATIVO;COMUM;PIRES DA MOTA, R.;328;1529000;163694;CENTRO OESTE;SE
11020202;2341;ATIVO;PRIVATIVO;COMUM;BUENO DE ANDRADE, R.;769;1526000;36994;CENTRO OESTE;SE
11020229;2458;ATIVO;PRIVATIVO;COMUM;PIRAPITINGUI, R.;37;3042001;163589;CENTRO OESTE;SE
11020237;2467;ATIVO;PRIVATIVO;COMUM;FURTADO CONS., R.;925;1510001;80292;CENTRO OESTE;SE
11020245;2500;ATIVO;PRIVATIVO;COMUM;SÃO JOAQUIM, R.;589;1508001;105120;CENTRO OESTE;SE
11020253;850;ATIVO;PRIVATIVO;COMUM;TAMANDARÉ, R.;897;1525001;186180;CENTRO OESTE;SE
11020261;296;ATIVO;PRIVATIVO;COMUM;ANTONIO PRUDENTE PROFº, R.;211;1509010;18457;CENTRO OESTE;SE
11020270;2574;EXTINTO;PRIVATIVO;COMUM;TAPES DOS, R.;56;1527050;186856;CENTRO OESTE;SE
11020288;755;ATIVO;PRIVATIVO;COMUM;NOSSA SENHORA DA CONCEIÇÃO, LGO;21;1528060;146897;CENTRO OESTE;SE
11020296;859;ATIVO;PRIVATIVO;COMUM;OTAVIO GOMES TTE, R.;251;1526010;152013;CENTRO OESTE;SE
11020300;2662;ATIVO;PRIVATIVO;COMUM;ACLIMAÇÃO DA , AV.;51;1531001;1201;CENTRO OESTE;SE
11020326;1306;ATIVO;PRIVATIVO;COMUM;AZEVEDO TTE, R.;104;1528020;26603;CENTRO OESTE;SE
11020334;2738;ATIVO;PRIVATIVO;COMUM;SILVEIRA DA MOTA, R;161;1521010;182087;CENTRO OESTE;SE
11020342;2741;ATIVO;PRIVATIVO;COMUM;SÃO JOAQUIM, R.;105;1508000;105120;CENTRO OESTE;SE
11020385;1373;ATIVO;PRIVATIVO;COMUM;SATURNO , R.;172;1531030;178730;CENTRO OESTE;SE
11020415;882;ATIVO;PRIVATIVO;COMUM;TAMANDARÉ, R.;514;1525000;186180;CENTRO OESTE;SE
11020423;1975;ATIVO;PRIVATIVO;COMUM;GLÓRIA DA, R.;687;1510000;80292;CENTRO OESTE;SE
11025018;;ATIVO;LIVRE;COMUM RADIO;JUNQUEIRA FREIRE, R.;336;1507020;113743;SUL;SE
11025026;;ATIVO;LIVRE;COMUM RADIO;PIRAPITINGUI, R;111;1508020;163473;SUL;SE
11025034;;ATIVO;LIVRE;COMUM RADIO;FAGUNDES, R.;23;1508030;68802;SUL;SE
11040017;1434;ATIVO;PRIVATIVO;COMUM;MUNIZ DE SOUZA, R.;674;1534000;143170;CENTRO OESTE;SE
11040041;1648;ATIVO;PRIVATIVO;COMUM;ARMANDO FERRENTINI, AV.;649;4103030;114111;SUL;VILA MARIANA
11040050;1589;ATIVO;PRIVATIVO;COMUM;ANTONIO TAVARES, R.;275;1542010;18775;CENTRO OESTE;SE
11040068;1153;ATIVO;PRIVATIVO;COMUM;CASTRO ALVES, R.;673;1532001;45683;CENTRO OESTE;SE
11040076;1572;ATIVO;PRIVATIVO;COMUM;CAMBUCI DO, LGO;54;1523010;39616;CENTRO OESTE;SE
11040084;2139;ATIVO;PRIVATIVO;COMUM;LACERDA FRANCO, AV.;351;1536000;115150;CENTRO OESTE;SE
11040092;1615;ATIVO;PRIVATIVO;COMUM;APENINOS, R.;280;1533000;19348;CENTRO OESTE;SE
11040106;378;ATIVO;PRIVATIVO;COMUM;CLAUDIO ROSSI, R.;701;1547000;50601;SUL;VILA MARIANA
11040114;312;ATIVO;PRIVATIVO;COMUM;PAULA NEY, R.;629;4107022;156272;SUL;VILA MARIANA
11040122;965;ATIVO;PRIVATIVO;COMUM;AGATA, R.;84;1530070;3077;CENTRO OESTE;SE
11040130;1707;ATIVO;PRIVATIVO;COMUM;MARIANO PROCÓPIO, R.;52;1548020;133833;SUL;VILA MARIANA
11040157;926;ATIVO;PRIVATIVO;COMUM;ANA NERI DONA, R.;240;3106010;11967;CENTRO OESTE;SE
11040165;1756;ATIVO;PRIVATIVO;COMUM;PARAÍSO DO, R.;490;4103000;154458;SUL;VILA MARIANA
11040173;1758;ATIVO;PRIVATIVO;COMUM;EDUARDO AMARO DR, R. (ANT. R. TUPINAMBA);98;4104080;192449;SUL;VILA MARIANA
11040203;1242;ATIVO;PRIVATIVO;COMUM;VERGUEIRO, R.;700;1504000;195839;CENTRO OESTE;SE
11040220;2302;ATIVO;PRIVATIVO;COMUM;LINS DE VASCONCELOS, AV.;1156;1538000;119229;CENTRO OESTE;SE
11040238;1245;ATIVO;PRIVATIVO;COMUM;LINS DE VASCONCELOS, AV.;356;1538000;119229;CENTRO OESTE;SE
11040246;1938;ATIVO;PRIVATIVO;COMUM;PAULA NEY, R.;323;4107022;156272;SUL;VILA MARIANA
11040254;884;ATIVO;PRIVATIVO;COMUM;PAULO OROZIMBO, R.;424;1535000;157678;CENTRO OESTE;SE
11040270;853;ATIVO;PRIVATIVO;COMUM;VERGUEIRO, R.;1243;1504000;195839;SUL;VILA MARIANA
11040289;1973;ATIVO;PRIVATIVO;COMUM;VERGUEIRO, R.;727;1504001;195839;SUL;VILA MARIANA
11040297;2135;ATIVO;PRIVATIVO;COMUM;HEITOR PEIXOTO, R.;370;1543000;86142;CENTRO OESTE;SE
11040300;2168;ATIVO;PRIVATIVO;COMUM;NICOLAU DE SOUZA QUEIROZ DR, R.;104;4105000;145769;SUL;VILA MARIANA
11040327;2240;ATIVO;PRIVATIVO;COMUM;GUIMARÃES PASSOS, R.;377;4107030;85120;SUL;VILA MARIANA
11040343;2243;ATIVO;PRIVATIVO;COMUM;LINS DE VASCONCELOS, AV.;804;1538000;119229;CENTRO OESTE;SE
11040351;2246;ATIVO;PRIVATIVO;COMUM;BASILIO DA CUNHA, R.;445;1544001;29467;CENTRO OESTE;SE
11040360;2393;ATIVO;PRIVATIVO;COMUM;CRUZ E SOUZA, R.;162;1532040;55611;CENTRO OESTE;SE
11040378;2394;ATIVO;PRIVATIVO;COMUM;CASTRO ALVES, R.;255;1532001;45683;CENTRO OESTE;SE
11040386;2395;ATIVO;PRIVATIVO;COMUM;JOSÉ DE QUEIROZ ARANHA DR, R.;27;4106060;109088;SUL;VILA MARIANA
11040394;944;ATIVO;PRIVATIVO;COMUM;TOPÁZIO, R.;810;4105003;145769;SUL;VILA MARIANA
11040432;2439;ATIVO;PRIVATIVO;COMUM;LINS DE VASCONCELOS, AV.;952;1538000;119229;CENTRO OESTE;SE
11040459;2523;ATIVO;PRIVATIVO;COMUM;MARACAI, R.;93;1534030;128465;CENTRO OESTE;SE
11040467;2547;ATIVO;PRIVATIVO;COMUM;CARLOS PETIT, R.;135;4110000;44008;SUL;VILA MARIANA
11040475;2569;ATIVO;PRIVATIVO;COMUM;LUIZ GOMES CARDIM SANGIRARDI ENGº, AV.;600;4112080;229571;SUL;VILA MARIANA
11040483;2576;ATIVO;PRIVATIVO;COMUM;FREIRE DA SILVA, R.;520;1523020;76333;CENTRO OESTE;SE
11040491;2590;ATIVO;PRIVATIVO;COMUM;BASILIO DA CUNHA, R.;925;1544001;29467;CENTRO OESTE;SE
11040505;2609;ATIVO;PRIVATIVO;COMUM;MARTINHO AUGUSTO RODRIGUES, R.;101;4535070;203084;OESTE;PINHEIROS
11040521;2694;ATIVO;PRIVATIVO;COMUM;ALBERTO LION, PÇA;10;1515000;148059;CENTRO OESTE;SE
11040530;2756;ATIVO;PRIVATIVO;COMUM;TOPÁZIO, R;388;4105060;190837;CENTRO OESTE;SE
11040548;2765;ATIVO;PRIVATIVO;COMUM;BALTAZAR LISBOA, R.;150;4110060;27626;SUL;VILA MARIANA
11040556;2832;ATIVO;PRIVATIVO;COMUM;MARIANO PROCÓPIO, R.;718;1548020;133833;SUL;IPIRANGA
11040564;2872;ATIVO;PRIVATIVO;COMUM;APENINOS, R.;1151;4104021;19348;SUL;VILA MARIANA
11040581;3008;ATIVO;PRIVATIVO;COMUM;GASPAR FERNANDES, R.;452;1549000;78034;SUL;IPIRANGA
11041073;2940;ATIVO;PRIVATIVO;COMUM;ITÚ, AL;1119;1421001;96423;OESTE;PINHEIROS
11041081;2941;EXTINTO;PRIVATIVO;COMUM;VIRGILIO DE CARVALHO PINTO, R.;150;5415020;197866;OESTE;PINHEIROS
11041090;2942;ATIVO;PRIVATIVO;COMUM;HADDOCK LOBO, R.;1120;1414003;85626;OESTE;PINHEIROS
11041103;2943;EXTINTO;PRIVATIVO;COMUM;BELA CINTRA, R.;2150;1415002;30341;OESTE;PINHEIROS
11041111;2944;ATIVO;PRIVATIVO;COMUM;OSCAR FREIRE, R.;206;1426000;151149;OESTE;PINHEIROS
11041138;2945;ATIVO;PRIVATIVO;COMUM;MELO ALVES,R;200;1417010;137952;OESTE;PINHEIROS
11041146;2946;ATIVO;PRIVATIVO;COMUM;BARÃO DE CAPANEMA,R;549;1411011;41602;OESTE;PINHEIROS
11041499;1729;ATIVO;PRIVATIVO;COMUM;SAFIRA, R.;61;1532010;175870;CENTRO OESTE;SE
11045019;;ATIVO;LIVRE;COMUM RADIO;NETO DE ARAÚJO DR, R.;34;4111000;145173;SUL;VILA MARIANA
11045027;;ATIVO;LIVRE;COMUM RADIO;LOUREIRO DA CRUZ, R.;414;1529020;120111;SUL;SE
11045035;;ATIVO;LIVRE;COMUM RADIO;FREDERICO VON MARTIUS, R.;84;1548010;76252;SUL;IPIRANGA
11045043;;ATIVO;LIVRE;COMUM RADIO;LINS DE VASCONCELOS, AV.;1730;1538001;119229;SUL;VILA MARIANA
11045051;;EXTINTO;LIVRE;COMUM RADIO;ARMANDO FERRENTINE, AV.;500;4103030;114111;SUL;VILA MARIANA
11060026;636;ATIVO;PRIVATIVO;COMUM;JURÉIA, R.;734;4140110;113972;SUL;VILA MARIANA
11060034;782;ATIVO;PRIVATIVO;COMUM;LINS DE VASCONCELOS, AV.;3500;1537000;119229;SUL;VILA MARIANA
11060042;1146;ATIVO;PRIVATIVO;COMUM;JOÃO LUIS VIVES, R.;150;4116080;240010;SUL;VILA MARIANA
11060069;1529;ATIVO;PRIVATIVO;COMUM;NAZARETH, AV.;20;4262000;144495;SUL;IPIRANGA
11060077;1534;ATIVO;PRIVATIVO;COMUM;TIRSO MARTINS,DR. R.;2023;4035000;60135;SUL;VILA MARIANA
11060093;798;ATIVO;PRIVATIVO;COMUM;SANTA CRUZ, R.;707;4122000;177555;SUL;VILA MARIANA
11060107;1441;ATIVO;PRIVATIVO;COMUM;MANUEL DE ANDRADE DOM, R.;62;4134040;126578;SUL;IPIRANGA
11060115;642;ATIVO;PRIVATIVO;COMUM;NAZARETH, AV.;1344;4263200;144495;SUL;IPIRANGA
11060131;1897;ATIVO;PRIVATIVO;COMUM;DOMINGOS DE MORAES, R.;2690;4036100;60135;SUL;VILA MARIANA
11060140;1980;ATIVO;PRIVATIVO;COMUM;BOTUCATU, R.;1000;4023062;35351;SUL;VILA MARIANA
11060158;906;ATIVO;PRIVATIVO;COMUM;SANTA CRUZ, R.;1290;4122000;177555;SUL;VILA MARIANA
11060166;;ATIVO;LIVRE;ESPECIAL;TURMALINA, AV.;339;1531020;192643;SUL;SE
11060174;2170;ATIVO;PRIVATIVO;COMUM;FABIO PRADO PREFº, AV.;355;4116000;68721;SUL;VILA MARIANA
11060182;1237;ATIVO;PRIVATIVO;COMUM;DOMINGOS DE MORAES, R. (EST. SANTA CRUZ);30;4010000;60135;SUL;VILA MARIANA
11060204;2238;ATIVO;PRIVATIVO;COMUM;SERAFIM ORLANDI PROFº, R.;186;4115090;180092;SUL;VILA MARIANA
11060212;2236;ATIVO;PRIVATIVO;COMUM;DOMINGOS DE MORAES, R.;2675;4035000;60135;SUL;VILA MARIANA
11060220;2261;ATIVO;PRIVATIVO;COMUM;JOEL JORGE MELLO, R .;468;4128080;106321;SUL;VILA MARIANA
11060239;2317;ATIVO;PRIVATIVO;COMUM;FABIO PRADO PROFº, AV.;655;4116000;68721;SUL;VILA MARIANA
11060247;2374;ATIVO;PRIVATIVO;COMUM;MACHADO BITENCOURT, R.;205;4044000;124516;SUL;VILA MARIANA
11060255;2383;ATIVO;PRIVATIVO;COMUM;CONDILLAC, R.;103;4116270;239968;SUL;VILA MARIANA
11060263;2400;ATIVO;PRIVATIVO;COMUM;TRÊS DE MAIO, R.;200;4044020;191280;SUL;VILA MARIANA
11060280;2464;EXTINTO;PRIVATIVO;COMUM;DOMINGOS DE MORAES, R.;2565;4035000;60135;SUL;VILA MARIANA
11060298;2498;ATIVO;PRIVATIVO;COMUM;SANTA CRUZ, R.;159;4121000;177555;SUL;VILA MARIANA
11060301;2527;ATIVO;PRIVATIVO;COMUM;OLINDA MARQUÊS DE, R.;598;4277000;149560;SUL;IPIRANGA
11060310;2541;ATIVO;PRIVATIVO;COMUM;LORENZO VALLA, R.;28;4116220;240001;SUL;VILA MARIANA
11060328;2526;ATIVO;PRIVATIVO;COMUM;RODRIGO VIEIRA, R.;498;4115060;172944;SUL;VILA MARIANA
11060336;2605;ATIVO;PRIVATIVO;COMUM;BOM PASTOR, R.;2112;4203002;34541;SUL;IPIRANGA
11060352;2757;ATIVO;PRIVATIVO;COMUM;VERGUEIRO, R;261;1504001;195839;SUL;VILA MARIANA
11060360;2759;ATIVO;PRIVATIVO;COMUM;JOSÉ COCCIUFFO, R;150;4121120;108510;SUL;IPIRANGA
11060379;783;ATIVO;PRIVATIVO;COMUM;SANTA CRUZ, R.;398;4122000;177555;SUL;VILA MARIANA
11060387;2789;ATIVO;PRIVATIVO;COMUM;CAROLINA RIBEIRO PROFª ,R.;30;4116020;414000;SUL;VILA MARIANA
11060409;351;ATIVO;PRIVATIVO;COMUM;PAULO BREGARO, R.;238;4261000;157171;SUL;IPIRANGA
11060433;1223;ATIVO;PRIVATIVO;COMUM;MARIA BUCALEM HADDAD, R.;15;4125010;126322;SUL;IPIRANGA
11060450;2907;ATIVO;PRIVATIVO;COMUM;DOMINGO DE SOTO, R.;126;4116040;239810;SUL;VILA MARIANA
11060468;2933;ATIVO;PRIVATIVO;COMUM;GUILHERME WINTER, R. ENG.;50;4124100;85049;SUL;VILA MARIANA
11060573;2886;ATIVO;PRIVATIVO;COMUM;LEITE FERRAZ, R.;107;4117120;204196;SUL;VILA MARIANA
11060581;2979;EXTINTO;PRIVATIVO;COMUM;JESUINO ARRUDA, R.;806;4532082;100749;OESTE;PINHEIROS
11060582;2981;EXTINTO;PRIVATIVO;COMUM;FRANCISCO LEITÃO, R.;80;5414020;74730;OESTE;PINHEIROS
11060591;2997;ATIVO;PRIVATIVO;COMUM;HUET BACELAR, R.;407;4275000;88650;SUL;IPIRANGA
11060956;2977;EXTINTO;PRIVATIVO;COMUM;JOAQUIM FLORIANO, R.;533;4534002;105562;OESTE;PINHEIROS
11061015;2936;ATIVO;PRIVATIVO;COMUM;FRADIQUE COUTINHO, R;1100;5416001;73016;OESTE;PINHEIROS
11061023;2937;ATIVO;PRIVATIVO;COMUM;MOURATO COELHO, R.;950;5417001;142824;OESTE;PINHEIROS
11061031;2938;ATIVO;PRIVATIVO;COMUM;WIZARD, R;150;5434000;199664;SUL;PINHEIROS
11061066;2939;ATIVO;PRIVATIVO;COMUM;FIDALGA, R;100;5432000;71064;OESTE;PINHEIROS
11065036;;ATIVO;LIVRE;COMUM RADIO;MONTEIRO DOS SANTOS, PÇA;1;4117090;141917;SUL;VILA MARIANA
11065044;;ATIVO;LIVRE;COMUM RADIO;NAZARETH, AV;257;4263000;144495;SUL;IPIRANGA
11065052;;ATIVO;LIVRE;COMUM RADIO;AFONSO CELSO, R.;469;4119001;2631;SUL;VILA MARIANA
11080019;1102;ATIVO;PRIVATIVO;COMUM;CHAGAS SANTOS GAL, R.;314;4146050;48437;SUL;VILA MARIANA
11080027;569;ATIVO;PRIVATIVO;COMUM;FRANCISCO DIAS, R.;644;4148000;74225;SUL;IPIRANGA
11080035;1473;ATIVO;PRIVATIVO;COMUM;LEONOR KAUPPA, PÇA;227;4151100;431303;SUL;IPIRANGA
11080043;1530;ATIVO;PRIVATIVO;COMUM;BARRETO MUNIZ, R.;254;4312111;28835;SUL;IPIRANGA
11080051;1722;ATIVO;PRIVATIVO;COMUM;BOSQUE DA SAÚDE, AV.;1518;4142081;35238;SUL;IPIRANGA
11080086;488;ATIVO;PRIVATIVO;COMUM;ITABORAI, AV.;126;4135000;94242;SUL;VILA MARIANA
11080094;2030;ATIVO;PRIVATIVO;COMUM;AFONSO MARIANO FAGUNDES, R.;128;4054000;2518;SUL;VILA MARIANA
11080108;2026;ATIVO;PRIVATIVO;COMUM;BOSQUE DA SAÚDE, AV.;189;4142090;35238;SUL;VILA MARIANA
11080124;2120;ATIVO;PRIVATIVO;COMUM;CONSTANTINO BARRADAS, R.;140;4134110;52523;SUL;IPIRANGA
11080132;2140;ATIVO;PRIVATIVO;COMUM;CARNEIRO DA CUNHA, R.;400;4144001;44733;SUL;VILA MARIANA
11080159;838;ATIVO;PRIVATIVO;COMUM;SÃO SEBASTIÃO, R.;25;4144060;179078;SUL;VILA MARIANA
11080183;2483;EXTINTO;PRIVATIVO;COMUM;SALVADOR SIMÕES, R.;1269;4276000;176869;SUL;IPIRANGA
11080191;2558;ATIVO;PRIVATIVO;COMUM;MANOEL COELHO DA SILVA, R.;288;4137000;96199;SUL;IPIRANGA
11080213;2610;ATIVO;PRIVATIVO;COMUM;CARNEIRO DA CUNHA, R.;517;4144000;44733;SUL;VILA MARIANA
11080230;2620;ATIVO;PRIVATIVO;COMUM;BOSQUE DA SAÚDE, AV.;1530;4142082;35238;SUL;IPIRANGA
11080256;2735;ATIVO;PRIVATIVO;COMUM;RONDINHA, R.;226;4140010;173738;SUL;VILA MARIANA
11080264;2747;ATIVO;PRIVATIVO;COMUM;GUIRATINGA, R;896;4141001;85235;SUL;VILA MARIANA
11080272;2778;EXTINTO;PRIVATIVO;COMUM;JABAQUARA, AV.;550;4046000;97152;SUL;VILA MARIANA
11080280;2895;ATIVO;PRIVATIVO;COMUM;PIRAJÁ VISC. DE, R.;601;4277020;163325;SUL;IPIRANGA
11080299;2918;ATIVO;PRIVATIVO;COMUM;CACIQUE DOS, R.;45;4145000;38024;SUL;VILA MARIANA
11080310;547;ATIVO;PRIVATIVO;COMUM;SERRA MARTINS GAL, R.;54;4142010;180882;SUL;VILA MARIANA
11080320;2980;ATIVO;PRIVATIVO;COMUM;FERREIRA DE ARAUJO, R,.;500;5428001;70866;OESTE;PINHEIROS
11080329;2978;ATIVO;PRIVATIVO;COMUM;CAMPOS BICUDO, R.;190;4536010;40410;OESTE;PINHEIROS
11080337;2984;ATIVO;PRIVATIVO;COMUM;JULIO DINIZ, R.;85;4547090;113328;OESTE;PINHEIROS
11080345;2985;EXTINTO;PRIVATIVO;COMUM;GUEDES PORTILHO, R. CAP;75;4538030;84506;OESTE;PINHEIROS
11080354;3024;ATIVO;PRIVATIVO;COMUM;CHILON, R.;212;4552030;49018;OESTE;PINHEIROS
11081007;;ATIVO;LIVRE;COMUM;KENNEDY PRES., PÇA;40;3162040;114928;SUL;MOOCA
11085029;;ATIVO;LIVRE;COMUM RADIO;QUISISANA, R.;91;4149000;167690;SUL;IPIRANGA
11085037;;ATIVO;LIVRE;COMUM RADIO;DIVINÓPOLIS, R.;669;4158000;59595;SUL;IPIRANGA
11085045;;ATIVO;LIVRE;COMUM RADIO;MARCOS FERNANDES, R.;1;4149120;129666;SUL;IPIRANGA
11085053;;ATIVO;LIVRE;COMUM RADIO;BIOBEDAS,R.;250;4302010;33790;SUL;VILA MARIANA
11085061;;ATIVO;LIVRE;COMUM RADIO;FIAÇÃO DA SAÚDE, R.;128;4144020;71030;SUL;VILA MARIANA
11100052;1721;ATIVO;PRIVATIVO;COMUM;SIMÃO LOPES, R.;1150;4167001;182974;SUL;IPIRANGA
11100060;1875;ATIVO;PRIVATIVO;COMUM;JABAQUARA, AV.;2407;4045004;97152;SUL;VILA MARIANA
11100079;2502;ATIVO;PRIVATIVO;COMUM;FAGUNDES FILHO, R.;354;4304000;68837;SUL;VILA MARIANA
11100087;2680;ATIVO;PRIVATIVO;COMUM;FAGUNDES FILHO, AV.;942;4304001;68837;SUL;VILA MARIANA
11100095;2871;EXTINTO;PRIVATIVO;COMUM;APRÍGIO GONZAGA PROFº, R.;1032;4303001;19623;SUL;VILA MARIANA
11100100;2934;ATIVO;PRIVATIVO;COMUM;VITOR GODINHO, PÇA;150;4313020;198412;SUL;JABAQUARA
11100176;1236;ATIVO;PRIVATIVO;COMUM;ARMANDO DE ARRUDA PEREIRA ENGº, AV.;995;4308000;22357;SUL;JABAQUARA
11100214;1243;ATIVO;PRIVATIVO;COMUM;ARMANDO DE ARRUDA PEREIRA ENGº, AV.;16;4309010;22357;SUL;JABAQUARA
11100222;1244;ATIVO;PRIVATIVO;COMUM;JABAQUARA, AV.;2450;4046400;97152;SUL;VILA MARIANA
11100346;888;ATIVO;PRIVATIVO;COMUM;CURSINO DO, AV.;2500;4132000;56189;SUL;IPIRANGA
11100354;2988;ATIVO;PRIVATIVO;COMUM;QUINTANA, R.;1050;4569011;167401;OESTE;PINHEIROS
11120029;1544;ATIVO;PRIVATIVO;COMUM;ANGELO BERTINI, R.;140;4195090;377112;SUL;IPIRANGA
11120037;849;ATIVO;PRIVATIVO;COMUM;NELSON FERNANDES, R.;75;4309011;22357;SUL;JABAQUARA
11120134;;ATIVO;LIVRE;COMUM;MIGUEL ESTÉFANO, AV.;1407;4301000;139157;SUL;IPIRANGA
11581000;;ATIVO;LIVRE;COMUM;POVOADO DO RIO NOVO, R.;26;2956020;274780;OESTE;PIRITUBA
12020044;1603;EXTINTO;PRIVATIVO;COMUM;SÃO JOAQUIM CONDESSA DE, R.;238;1320000;178136;CENTRO OESTE;SE
12020052;1812;ATIVO;PRIVATIVO;COMUM;BOMBEIROS DOS, R.;120;4001100;34606;SUL;VILA MARIANA
12020060;1134;ATIVO;PRIVATIVO;COMUM;PEDROSO, R.;448;1322010;160105;CENTRO OESTE;SE
12020079;772;ATIVO;PRIVATIVO;COMUM;MARTINIANO DE CARVALHO, R.;741;1321001;136190;CENTRO OESTE;SE
12020087;1937;ATIVO;PRIVATIVO;COMUM;HUMAITA, R.;43;1321010;88714;CENTRO OESTE;SE
12020095;2002;ATIVO;PRIVATIVO;COMUM;VERGUEIRO, R.;901;1504001;195839;CENTRO OESTE;SE
12020109;311;ATIVO;PRIVATIVO;COMUM;SEBASTIÃO SOARES DE FARIA PROFº, R.;23;1317010;179655;CENTRO OESTE;SE
12020117;2113;ATIVO;PRIVATIVO;COMUM;JACEGUAI, R.;107;1315010;97632;CENTRO OESTE;SE
12020125;2197;ATIVO;PRIVATIVO;COMUM;CARDIM MAESTRO, R.;407;1323000;42447;CENTRO OESTE;SE
12020133;2344;ATIVO;PRIVATIVO;COMUM;ARTUR PRADO, R.;558;1322000;23680;CENTRO OESTE;SE
12020141;2530;ATIVO;PRIVATIVO;COMUM;PEDROSO, R.;295;1322010;160105;CENTRO OESTE;SE
12020150;2743;ATIVO;PRIVATIVO;COMUM;MARTINIANO DE CARVALHO, R.;851;1321001;136190;CENTRO OESTE;SE
12020184;240;ATIVO;PRIVATIVO;COMUM;SÃO JOAQUIM CONDESSA DE, R.;312;1320000;178136;CENTRO OESTE;SE
12020192;1216;ATIVO;PRIVATIVO;COMUM;IJUÍ BARÃO DE, R.;456;1502010;112887;CENTRO OESTE;SE
12020435;1372;ATIVO;PRIVATIVO;COMUM;MARIA JOSÉ, R.;521;1324010;132713;CENTRO OESTE;SE
12025011;;ATIVO;LIVRE;COMUM RADIO;HONDURAS, R.;175;1428000;88153;SUL;PINHEIROS
12025020;;ATIVO;LIVRE;COMUM RADIO;MARTINIANO DE CARVALHO, R.;182;1321000;136190;SUL;SE
12025047;;ATIVO;LIVRE;COMUM RADIO;CASTRO ALVES, R.;203;1532000;45683;CENTRO OESTE;SE
12025055;;ATIVO;LIVRE;COMUM RADIO;ANTONIO PRUDENTE, PROF.;254;1509010;18457;CENTRO OESTE;SE
12040037;1567;ATIVO;PRIVATIVO;COMUM;MARTINIANO DE CARVALHO, R.;47;1321000;136190;CENTRO OESTE;SE
12040045;1539;ATIVO;PRIVATIVO;COMUM;ELISEU GUILHERME DESEMBARGADOR, R.;123;4004030;63568;SUL;VILA MARIANA
12040053;1588;ATIVO;PRIVATIVO;COMUM;FAUSTO FERRAZ, R. DR.;31;1333030;69191;CENTRO OESTE;SE
12040061;1626;ATIVO;PRIVATIVO;COMUM;CUBATÃO, R.;1148;4013004;55700;SUL;VILA MARIANA
12040070;230;ATIVO;PRIVATIVO;COMUM;TEIXEIRA DA SILVA, R.;65;4002030;187704;CENTRO OESTE;SE
12040088;1620;ATIVO;PRIVATIVO;COMUM;MANOEL DA NOBREGA, R.;79;4001000;126519;SUL;VILA MARIANA
12040096;828;ATIVO;PRIVATIVO;COMUM;CARDIM MAESTRO, R.;769;1323000;42447;CENTRO OESTE;SE
12040100;964;ATIVO;PRIVATIVO;COMUM;JOSÉ ANTONIO COELHO, R.;345;4011060;107735;SUL;VILA MARIANA
12040118;1679;ATIVO;PRIVATIVO;COMUM;SANTOS, AL.;180;1418000;177911;SUL;VILA MARIANA
12040126;1680;ATIVO;PRIVATIVO;COMUM;PELOTAS, R.;71;4012000;160377;SUL;VILA MARIANA
12040134;1736;ATIVO;PRIVATIVO;COMUM;TREZE DE MAIO, R.;1359;1327001;191540;CENTRO OESTE;SE
12040142;1677;ATIVO;PRIVATIVO;COMUM;MARIO AMARAL, R.;35;4002020;134465;SUL;VILA MARIANA
12040150;1784;ATIVO;PRIVATIVO;COMUM;MARIA FIGUEIREDO, R.;283;4002001;132489;SUL;VILA MARIANA
12040169;1904;ATIVO;PRIVATIVO;COMUM;DOMINGOS DE MORAIS, R.;850;4010100;60135;SUL;VILA MARIANA
12040177;1212;ATIVO;PRIVATIVO;COMUM;DOMINGOS DE MORAES, R.;716;4010100;60135;SUL;VILA MARIANA
12040185;941;ATIVO;PRIVATIVO;COMUM;HUMBERTO I, R.;1015;4018033;88838;SUL;VILA MARIANA
12040193;1816;ATIVO;PRIVATIVO;COMUM;DOMINGOS DE MORAES, R.;316;4010100;60135;SUL;VILA MARIANA
12040207;869;ATIVO;PRIVATIVO;COMUM;JOSE ANTONIO COELHO, R.;761;4011062;107735;SUL;VILA MARIANA
12040223;1852;ATIVO;PRIVATIVO;COMUM;SANTOS, AL.;189;1419001;177911;SUL;VILA MARIANA
12040231;1232;ATIVO;PRIVATIVO;COMUM;GREGÓRIO RAMALHO, R.;179;8210430;82147;LESTE;ITAQUERA
12040240;1867;ATIVO;PRIVATIVO;COMUM;ABILIO SOARES, R.;476;4005002;574;SUL;VILA MARIANA
12040258;1868;ATIVO;PRIVATIVO;COMUM;TEIXEIRA SILVA, R.;647;4002033;187704;SUL;VILA MARIANA
12040266;1204;ATIVO;PRIVATIVO;COMUM;ABILIO SOARES, R.;609;4005002;574;SUL;VILA MARIANA
12040274;1903;ATIVO;PRIVATIVO;COMUM;TEIXEIRA DA SILVA, R.;251;4002030;187704;SUL;VILA MARIANA
12040282;289;ATIVO;PRIVATIVO;COMUM;CARLOS STEINEN, R.;200;4004010;44202;SUL;VILA MARIANA
12040290;931;ATIVO;PRIVATIVO;COMUM;AZEVEDO MACEDO, R.;92;4013060;26697;SUL;VILA MARIANA
12040304;;ATIVO;LIVRE;ESPECIAL;AMADEU AMARAL, PÇA;1;1327010;9458;SUL;SE
12040312;498;ATIVO;PRIVATIVO;COMUM;FRANCA PINTO, R.;682;4016033;73180;SUL;VILA MARIANA
12040320;310;ATIVO;PRIVATIVO;COMUM;VINTE E TRES DE  MAIO,AV (ACESSO TUTOIA);2;4007070;68373;SUL;VILA MARIANA
12040339;1891;ATIVO;PRIVATIVO;COMUM;BAGÉ, R.;230;4012140;27138;SUL;VILA MARIANA
12040347;818;ATIVO;PRIVATIVO;COMUM;SANTA ERNESTINA, R.;61;1323040;65560;CENTRO OESTE;SE
12040348;2999;EXTINTO;PRIVATIVO;COMUM;MARIA FIGUEIREDO, R.;190;4002001;132489;SUL;VILA MARIANA
12040355;2007;ATIVO;PRIVATIVO;COMUM;AFONSO FREITAS, R.;125;4006050;2712;SUL;VILA MARIANA
12040363;1997;ATIVO;PRIVATIVO;COMUM;MARIA FIGUEIREDO, R.;426;4002003;132489;SUL;VILA MARIANA
12040371;866;ATIVO;PRIVATIVO;COMUM;ESTELA, R.;189;4011080;23493;SUL;VILA MARIANA
12040380;2080;ATIVO;PRIVATIVO;COMUM;ABILIO SOARES, R.;1039;4005001;574;SUL;VILA MARIANA
12040398;1361;ATIVO;PRIVATIVO;COMUM;ASTOLFO ARAUJO DR, R.;168;4012070;56154;SUL;VILA MARIANA
12040401;2108;ATIVO;PRIVATIVO;COMUM;TREZE DE MAIO, R.;518;1327000;191540;CENTRO OESTE;SE
12040410;299;ATIVO;PRIVATIVO;COMUM;PELOTAS, R.;550;4012002;160377;SUL;VILA MARIANA
12040428;1369;ATIVO;PRIVATIVO;COMUM;TUTÓIA, R.;261;4007001;192716;SUL;VILA MARIANA
12040436;2313;ATIVO;PRIVATIVO;COMUM;TUTÓIA, R.;1012;4007005;192716;SUL;VILA MARIANA
12040444;1382;ATIVO;PRIVATIVO;COMUM;MANOEL DA NOBREGA, R.;1280;4001004;126519;SUL;VILA MARIANA
12040452;919;ATIVO;PRIVATIVO;COMUM;OSCAR PORTO CEL, R.;471;4003002;151246;SUL;VILA MARIANA
12040460;780;ATIVO;PRIVATIVO;COMUM;JOÃO JULIÃO, R.;217;1323020;103420;SUL;SE
12040479;2167;ATIVO;PRIVATIVO;COMUM;LEONCIO CARVALHO, R.;108;4003010;117463;SUL;VILA MARIANA
12040487;2343;ATIVO;PRIVATIVO;COMUM;CARLOS STEINENN, R.;391;4004010;44202;SUL;VILA MARIANA
12040495;2416;ATIVO;PRIVATIVO;COMUM;TEIXEIRA DA SILVA, R.;487;4002032;187704;SUL;VILA MARIANA
12040509;2466;ATIVO;PRIVATIVO;COMUM;OSCAR PORTO CEL, R.;630;4003002;151246;SUL;VILA MARIANA
12040533;2473;ATIVO;PRIVATIVO;COMUM;EÇA DE QUEIROZ, R.;172;4011030;61581;SUL;VILA MARIANA
12040541;2477;ATIVO;PRIVATIVO;COMUM;CARAVELAS, R.;50;4012060;42439;SUL;VILA MARIANA
12040550;2491;ATIVO;PRIVATIVO;COMUM;SAMPAIO VIANA DR, R.;125;4013000;55700;SUL;VILA MARIANA
12040568;2553;ATIVO;PRIVATIVO;COMUM;CARDIM MAESTRO, R.;1137;1323001;42447;CENTRO OESTE;SE
12040576;1029;ATIVO;PRIVATIVO;LUXO;LEÔNCIO DE CARVALHO, R.;85;4003010;117463;SUL;VILA MARIANA
12040584;2643;ATIVO;PRIVATIVO;COMUM;SALTO, R.;70;4001130;176419;SUL;VILA MARIANA
12040592;2644;ATIVO;PRIVATIVO;COMUM;TUTOIA, R.;496;4007002;192716;SUL;VILA MARIANA
12040606;2646;ATIVO;PRIVATIVO;COMUM;HEITOR PEIXOTO, R.;230;1543000;86142;CENTRO OESTE;SE
12040614;2614;ATIVO;PRIVATIVO;COMUM;TOMAS CARVALHAL, R.;347;4006000;189111;SUL;VILA MARIANA
12040630;2817;ATIVO;PRIVATIVO;COMUM;ARTUR DE ALMEIDA, R;83;4011080;23493;SUL;VILA MARIANA
12040649;2773;ATIVO;PRIVATIVO;COMUM;MANOEL DA NÓBREGA, R.;220;4001000;126519;SUL;VILA MARIANA
12040665;2880;ATIVO;PRIVATIVO;COMUM;FRANÇA PINTO, R.;145;4016030;73180;SUL;VILA MARIANA
12040673;2908;ATIVO;PRIVATIVO;COMUM;CORREIA DIAS, R.;195;4104000;53767;SUL;VILA MARIANA
12040682;3034;ATIVO;PRIVATIVO;COMUM;EUSÉBIO DA SOLEDADE FREI, R.;60;4106030;68179;SUL;VILA MARIANA
12045012;;ATIVO;LIVRE;COMUM RADIO;ARTUR PRADO, R.;659;1322000;23680;SUL;SE
12045020;;ATIVO;LIVRE;COMUM RADIO;CURITIBA, R.;133;4005030;332810;SUL;VILA MARIANA
12045039;;ATIVO;LIVRE;COMUM RADIO;FAUSTO FERRAZ, R;150;1333030;69191;SUL;SE
12045047;;ATIVO;LIVRE;COMUM RADIO;SAMPAIO VIANA, R.;425;4004001;177091;SUL;VILA MARIANA
12045055;;ATIVO;LIVRE;COMUM RADIO;JOINVILLE, R;51;4008010;106399;SUL;VILA MARIANA
12045063;;ATIVO;LIVRE;COMUM RADIO;JOINVILLE, R.;515;4008011;106399;SUL;VILA MARIANA
12045071;;ATIVO;LIVRE;COMUM RADIO;SANTÍSSIMO SACRAMENTO, PÇA;15;4006030;226564;SUL;VILA MARIANA
12060038;1581;ATIVO;PRIVATIVO;COMUM;MORGADO DE MATEUS,  R.;259;4015050;142514;SUL;VILA MARIANA
12060062;1584;ATIVO;PRIVATIVO;COMUM;DANTE PAZZANESE DR, R.;500;4012180;211982;SUL;VILA MARIANA
12060070;1699;ATIVO;PRIVATIVO;COMUM;JOSE DE MAGALHÃES, R.;346;4026090;109002;SUL;VILA MARIANA
12060089;1848;ATIVO;PRIVATIVO;COMUM;RODRIGUES ALVES, R. CONSELHEIRO;677;4014012;173010;SUL;VILA MARIANA
12060097;1985;ATIVO;PRIVATIVO;COMUM;ARTUR ETZEL, R.;81;4001060;330620;SUL;VILA MARIANA
12060100;2262;ATIVO;PRIVATIVO;COMUM;LUIS GOES, R.;993;4043300;122424;SUL;VILA MARIANA
12060119;2370;ATIVO;PRIVATIVO;COMUM;JOSÉ MARIA WHITAKER, AV.;203;4057000;265012;SUL;VILA MARIANA
12060127;1156;ATIVO;PRIVATIVO;COMUM;PEDRO ALVARES CABRAL, AV.;201;4094050;106305;SUL;VILA MARIANA
12060151;2428;ATIVO;PRIVATIVO;COMUM;BELMIRO NASCIMENTO MARTINS PROFº, PÇA;2;4108120;310832;CENTRO OESTE;SE
12060160;2376;ATIVO;PRIVATIVO;COMUM;MARIO CARDIM DR, R.;266;4019000;134546;SUL;VILA MARIANA
12060178;2496;ATIVO;PRIVATIVO;COMUM;DIOGO DE FARIA, R.;73;4037000;59021;SUL;VILA MARIANA
12060186;2495;ATIVO;PRIVATIVO;COMUM;MARAGLIANO MAJOR, R.;287;4017030;128520;SUL;VILA MARIANA
12060194;2505;ATIVO;PRIVATIVO;COMUM;ALVARO ALVIM DR, R.;120;4018010;8737;SUL;VILA MARIANA
12060208;2557;ATIVO;PRIVATIVO;COMUM;CABRINI MADRE, R.;462;4020001;37613;SUL;VILA MARIANA
12060216;2568;ATIVO;PRIVATIVO;COMUM;PRIMEIRO DE JANEIRO, R.;449;4044060;166090;SUL;VILA MARIANA
12060224;2595;ATIVO;PRIVATIVO;COMUM;BACELAR DR., R;415;4026001;26921;SUL;VILA MARIANA
12060232;2658;ATIVO;PRIVATIVO;COMUM;JOAQUIM TÁVORA, R.;1195;4015002;106135;SUL;VILA MARIANA
12060240;1240;ATIVO;PRIVATIVO;COMUM;DOMINGOS DE MORAES, R.;1515;4010200;60135;SUL;VILA MARIANA
12060267;2698;ATIVO;PRIVATIVO;COMUM;MARSELHESA, R.;500;4020060;135801;SUL;VILA MARIANA
12060275;2726;ATIVO;PRIVATIVO;COMUM;ALICE DE CASTRO, R.;106;4015040;7501;SUL;VILA MARIANA
12060283;2790;ATIVO;PRIVATIVO;COMUM;LEANDRO DUPRÉ, R.;396;4025011;116750;SUL;VILA MARIANA
12060291;543;ATIVO;PRIVATIVO;COMUM;LILAZES DOS, R.;20;4024010;118559;SUL;VILA MARIANA
12060313;2824;EXTINTO;PRIVATIVO;COMUM;EMBAÚ, R.;239;4039060;64114;SUL;VILA MARIANA
12060322;3022;ATIVO;PRIVATIVO;COMUM;BACELAR DR., R.;937;4026002;26921;SUL;VILA MARIANA
12060356;908;ATIVO;PRIVATIVO;COMUM;NAPOLEAO DE BARROS. R.;1282;4024003;144070;SUL;VILA MARIANA
12060364;1318;ATIVO;PRIVATIVO;COMUM;DIOGO DE FARIA DR, R.;609;4037000;59021;SUL;VILA MARIANA
12060372;2986;EXTINTO;PRIVATIVO;COMUM;DIOGO DE FARIA, R. DR.;1189;4037004;59021;SUL;VILA MARIANA
12060381;2987;EXTINTO;PRIVATIVO;COMUM;JOSÉ FERREIRA PINTO, R;120;4022050;315184;SUL;VILA MARIANA
12065013;;ATIVO;LIVRE;COMUM RADIO;MANOEL DA NÓBREGA, R.;1699;4001084;126519;SUL;VILA MARIANA
12065022;;ATIVO;LIVRE;COMUM RADIO;JOSÉ FERREIRA PINTO, R.;160;4022050;315184;SUL;VILA MARIANA
12065030;;ATIVO;LIVRE;COMUM RADIO;DIOGO DE FARIA DR, R.;780;4037002;59021;SUL;VILA MARIANA
12065048;;ATIVO;LIVRE;COMUM RADIO;MACEDO CAP., R.;139;4021020;124303;SUL;VILA MARIANA
12065056;;ATIVO;LIVRE;COMUM RADIO;NEIDE APARECIDA SOLLITO DRª, R.;330;4022040;126055;SUL;VILA MARIANA
12065073;;ATIVO;LIVRE;COMUM RADIO;PEDRO DE TOLEDO, R.;900;4039002;159140;SUL;VILA MARIANA
12069010;2969;EXTINTO;PRIVATIVO;COMUM;JULIA, DONA R;180;4117020;112933;SUL;VILA MARIANA
12069028;2970;ATIVO;PRIVATIVO;COMUM;EDUARDO AMARO, R DR;50;4104080;192449;SUL;VILA MARIANA
12080012;87;ATIVO;PRIVATIVO;COMUM;CARNEIRO DA CUNHA, R.;109;4144000;44733;SUL;VILA MARIANA
12080021;3043;BLOQUEADO;PRIVATIVO;COMUM;JANDIRA, R.;229;4080000;98990;SUL;VILA MARIANA
12080047;713;ATIVO;PRIVATIVO;COMUM;SANTA RITA DE CASSIA, PÇA;1;4048010;171875;SUL;VILA MARIANA
12080055;1918;ATIVO;PRIVATIVO;COMUM;INDIANÓPOLIS, AV.;1367;4063005;91596;SUL;VILA MARIANA
12080063;914;ATIVO;PRIVATIVO;COMUM;INDIANÓPOLIS, AV.;430;4063006;91596;SUL;VILA MARIANA
12080080;1925;ATIVO;PRIVATIVO;COMUM;GUAINUMBIS DOS, AL.;27;4067002;82732;SUL;VILA MARIANA
12080098;2098;ATIVO;PRIVATIVO;COMUM;INDIANÓPOLIS, AV.;2218;4062002;91596;SUL;VILA MARIANA
12080101;2503;ATIVO;PRIVATIVO;COMUM;TUPINAS DOS, AL.;580;4069000;192490;SUL;VILA MARIANA
12080110;2710;ATIVO;PRIVATIVO;COMUM;GUAINUMBIS DOS, AL.;1473;4067003;82732;SUL;VILA MARIANA
12080209;1219;ATIVO;PRIVATIVO;COMUM;JABAQUARA, AV.;706;4046200;97152;SUL;VILA MARIANA
12080217;1222;ATIVO;PRIVATIVO;COMUM;URÂNIO, R.;1588;4046300;97152;SUL;VILA MARIANA
12080314;;ATIVO;LIVRE;ESPECIAL;SANTA RITA DE CÁSSIA, PÇA;1;4048010;171875;SUL;VILA MARIANA
12080403;1368;ATIVO;PRIVATIVO;COMUM;JABAQUARA, AV.;1477;4045002;97152;SUL;VILA MARIANA
12085014;;ATIVO;LIVRE;COMUM RADIO;ARATANS, AL.;1156;4081005;21083;SUL;VILA MARIANA
12085022;;EXTINTO;LIVRE;COMUM RADIO;GERVÁSIO PIRES FERREIRA, R.;19;4072050;79545;SUL;VILA MARIANA
12085030;;ATIVO;LIVRE;COMUM RADIO;GUATÁS DOS, AL;1640;4053043;84328;SUL;VILA MARIANA
12085049;;ATIVO;LIVRE;COMUM RADIO;NHANDU, AV.;1092;4059003;92002;SUL;VILA MARIANA
12100030;1452;ATIVO;PRIVATIVO;COMUM;ARMANDO DE ARRUDA PEREIRA ENGº, AV.;774;4308000;22357;SUL;JABAQUARA
12100056;809;ATIVO;PRIVATIVO;COMUM;BRÁS DE ARZÃO, R.;167;4625051;36285;SUL;SANTO AMARO
12100072;1786;EXTINTO;PRIVATIVO;COMUM;CAFÉ DO, AV;301;4311002;38415;SUL;JABAQUARA
12100110;2679;ATIVO;PRIVATIVO;COMUM;ÁTICA, R.;673;4634042;24724;SUL;SANTO AMARO
12100129;2746;ATIVO;PRIVATIVO;COMUM;JABAQUARA, AV.;2180;4046400;97152;SUL;VILA MARIANA
12100137;2781;ATIVO;PRIVATIVO;COMUM;JABAQUARA, AV.;2762;4046500;97152;SUL;VILA MARIANA
12100145;1164;ATIVO;PRIVATIVO;COMUM;PANTALEÃO TELES GAL, R.;383;4355040;153940;SUL;SANTO AMARO
12100226;606;ATIVO;PRIVATIVO;COMUM;AEROPORTO DE  CONGONHAS;4008;4662000;199311;SUL;SANTO AMARO
12100234;2931;ATIVO;PRIVATIVO;COMUM;CAFÉ, AV. DO;195;4311000;38415;SUL;JABAQUARA
12105015;;ATIVO;LIVRE;COMUM RADIO;ORLANDO MURGEL R.;642;4358090;150711;SUL;SANTO AMARO
12105023;;ATIVO;LIVRE;COMUM RADIO;WALDOMIRO DE LIMA GAL,  AV.;595;4344070;199079;SUL;JABAQUARA
12105031;;ATIVO;LIVRE;COMUM RADIO;GUARATUBA, R.;306;4310050;83933;SUL;JABAQUARA
12105058;;ATIVO;LIVRE;COMUM RADIO;ALFREDO EGYDIO DE SOUZA ARANHA, PCA.;155;4344030;432784;SUL;JABAQUARA
12105066;;ATIVO;LIVRE;COMUM RADIO;BANDEIRANTES,AV/ VD JABAQUARA-ACESSO;5900;4071001;191000;SUL;VILA MARIANA
12105074;;ATIVO;LIVRE;COMUM RADIO;WASHINGTON LUIS, AV.;4008;4662000;199311;;SANTO AMARO
12120022;856;ATIVO;PRIVATIVO;COMUM;JEQUITIBÁS DOS, R. - TERMINAL JABAQUARA;2;4321090;100412;SUL;JABAQUARA
12120030;1127;ATIVO;PRIVATIVO;COMUM;BENTO COELHO DA SILVEIRA, R.;14;4330080;354724;SUL;JABAQUARA
12120049;1470;ATIVO;PRIVATIVO;COMUM;CORIOLANO DURAND, R.;251;4375050;84590;SUL;JABAQUARA
12120057;972;ATIVO;PRIVATIVO;COMUM;DIEDERICHSEN, AV.;1111;4310001;58599;SUL;JABAQUARA
12120073;770;ATIVO;PRIVATIVO;COMUM;FRANCISCO DE PAULA QUINTANILHA RIBEIRO,R;25;4330020;325228;SUL;JABAQUARA
12120081;1874;ATIVO;PRIVATIVO;COMUM;INDIANÓPOLIS, AV.;3377;4063006;91596;SUL;VILA MARIANA
12120090;1793;ATIVO;PRIVATIVO;COMUM;PEROBAS DAS, R.;344;4321120;161411;SUL;JABAQUARA
12120103;1950;ATIVO;PRIVATIVO;COMUM;RODRIGUES ALVES CONS., AV.;464;4014001;173010;SUL;VILA MARIANA
12120111;640;ATIVO;PRIVATIVO;COMUM;CASSUARINAS DAS, R.;19;4321100;45829;SUL;JABAQUARA
12120120;1954;ATIVO;PRIVATIVO;COMUM;MASCOTE, AV.;664;4363000;211850;SUL;JABAQUARA
12120138;1162;ATIVO;PRIVATIVO;COMUM;SANTA CATARINA, AV.;2775;4378200;45969;SUL;JABAQUARA
12120146;2003;ATIVO;PRIVATIVO;COMUM;DAMASCENO VIEIRA, R.;364;4363040;67245;SUL;JABAQUARA
12120154;2275;ATIVO;PRIVATIVO;COMUM;MASCOTE, AV.;570;4363000;211850;SUL;JABAQUARA
12120162;2277;ATIVO;PRIVATIVO;COMUM;PALESTINA, R.;81;4362030;153346;SUL;JABAQUARA
12120170;2381;ATIVO;PRIVATIVO;COMUM;NAZARÉ REZEK FARAH, R.;350;4367050;215406;SUL;JABAQUARA
12120219;2592;ATIVO;PRIVATIVO;COMUM;MASCOTE, AV.;300;4363000;211850;SUL;JABAQUARA
12120332;933;ATIVO;PRIVATIVO;COMUM;JOÃO BARRETO DE MENEZES, AV.;815;4370000;35858;SUL;JABAQUARA
12125016;;ATIVO;LIVRE;COMUM RADIO;HÉLADE, R.;275;4634000;86525;SUL;SANTO AMARO
12125024;;ATIVO;LIVRE;COMUM RADIO;GUSTAVO DA SILVEIRA, R.;383;4376000;88161;SUL;JABAQUARA
12125032;;ATIVO;LIVRE;COMUM RADIO;GEORGE CORBISIER ENGº, AV.;1719;4345001;78824;SUL;JABAQUARA
12125040;;ATIVO;LIVRE;COMUM RADIO;PEROBAS DAS, R.;192;4321120;161411;SUL;JABAQUARA
12979007;;ATIVO;LIVRE;COMUM;JUVENTUS, R.;508;3124020;112658;LESTE;MOOCA
13079000;;ATIVO;LIVRE;COMUM;LUIZ PINTO, R.;462;3427000;122840;LESTE;ARICANDUVA
13080017;3035;ATIVO;PRIVATIVO;COMUM;ALCIDES BOSCOLO, R.;70;4294070;654574;SUL;IPIRANGA
13120077;1528;ATIVO;PRIVATIVO;COMUM;GENTIL LEITE MARTINS, R.;300;4648000;56081;SUL;CIDADE ADEMAR
13140019;1768;ATIVO;PRIVATIVO;COMUM;CONTENDAS, PÇA;84;4673170;52655;SUL;SANTO AMARO
13140027;1504;ATIVO;PRIVATIVO;COMUM;CUPECÊ, AV.;2100;4365000;56065;SUL;CIDADE ADEMAR
13140060;792;ATIVO;PRIVATIVO;COMUM;BENEDITO DE CASTRO  OLIVEIRA CEL, PÇA;1;4657030;204986;SUL;CIDADE ADEMAR
13140086;1463;ATIVO;PRIVATIVO;COMUM;BANDEIRA DE MELO DES., R.;287;4743000;87319;SUL;SANTO AMARO
13140094;1408;ATIVO;PRIVATIVO;COMUM;ALLYRIO HUGUENEY  DE MATTOS ENGº, R.;229;4660050;240680;SUL;SANTO AMARO
13140108;1671;ATIVO;PRIVATIVO;COMUM;SÓCRATES, R.;406;4671071;41211;SUL;SANTO AMARO
13140124;2186;ATIVO;PRIVATIVO;COMUM;JOAQUIM SEVERINO, R.;49;4652000;591157;SUL;CIDADE ADEMAR
13140140;1898;ATIVO;PRIVATIVO;COMUM;GERALDO SANT'ANA SGTº, AV.;240;4674000;79170;SUL;SANTO AMARO
13140167;1994;ATIVO;PRIVATIVO;COMUM;MOACIR SIMÕES DA ROCHA, R.;95;4674150;214906;SUL;SANTO AMARO
13140183;2250;ATIVO;PRIVATIVO;COMUM;SOCRATES, R.;853;4671072;41211;SUL;SANTO AMARO
13140205;2291;ATIVO;PRIVATIVO;COMUM;SILVA MELO DR, R.;106;4675010;214280;SUL;SANTO AMARO
13140213;2328;ATIVO;PRIVATIVO;COMUM;SÓCRATES, R.;161;4671070;41211;SUL;SANTO AMARO
13140221;2543;ATIVO;PRIVATIVO;COMUM;MANOEL ALONSO MEDINA, R.;514;4650031;19496;SUL;CIDADE ADEMAR
13140230;2891;ATIVO;PRIVATIVO;COMUM;SÓCRATES, R.;406;4671071;41211;SUL;SANTO AMARO
13145010;;ATIVO;LIVRE;COMUM RADIO;OLAVO BILAC, R.;157;4671050;149101;SUL;SANTO AMARO
13160010;1160;ATIVO;PRIVATIVO;COMUM;ANGELO CRISTIANINI, AV.;66;4424010;13919;SUL;CIDADE ADEMAR
13160028;1259;ATIVO;PRIVATIVO;COMUM;AFONSO ARAUJO, R.;2969;4447020;147435;SUL;SANTO AMARO
13160036;1505;ATIVO;PRIVATIVO;COMUM;SHOPPING INTERLAGOS;2200;4660002;92207;SUL;SANTO AMARO
13160052;1805;ATIVO;PRIVATIVO;COMUM;SHOPPING CARREFOUR INTERLAGOS;2200;4660002;92207;SUL;SANTO AMARO
13160060;1917;ATIVO;PRIVATIVO;COMUM;JOAQUIM NEVES MONTEIRO, R.;99;4456150;646270;SUL;SANTO AMARO
13160079;1974;ATIVO;PRIVATIVO;COMUM;HAIDÊE SILVA MARTINS PROFº, R.;150;4693030;85944;SUL;SANTO AMARO
13160095;2461;ATIVO;PRIVATIVO;COMUM;MANOEL PAULINO DAVID, R.;130;4455050;790109;SUL;SANTO AMARO
13165011;;ATIVO;LIVRE;COMUM RADIO;ACAPULCO, PÇA;1;4675230;173606;SUL;SANTO AMARO
13281003;;ATIVO;LIVRE;COMUM;DALILA, R.;176;3520000;56642;SUL;PENHA
13579002;;ATIVO;LIVRE;COMUM;SUD MENNUCCI, R.;277;4017080;185060;SUL;VILA MARIANA
14160048;1983;ATIVO;PRIVATIVO;COMUM;PTOLOMEU, R.;321;4762040;182117;SUL;SOCORRO
14160064;2147;ATIVO;PRIVATIVO;COMUM;AUGUSTO FERREIRA DE MORAIS, R.;110;4763000;25356;SUL;SOCORRO
14170371;3042;BLOQUEADO;PRIVATIVO;COMUM;COLANTONIO R;SN;5726080;666793;SUL;CAMPO LIMPO
14180014;2865;ATIVO;PRIVATIVO;COMUM;JOSÉ SALLES ENGº, R.;487;4776100;669970;SUL;SOCORRO
14185016;;ATIVO;LIVRE;COMUM RADIO;JOSÉ SALLES ENGº, R.;361;4776100;669970;SUL;SOCORRO
14185024;;ATIVO;LIVRE;COMUM RADIO;ADIB CHAMMAS DEP., R.;123;4773170;353450;SUL;SOCORRO
14185032;;ATIVO;LIVRE;COMUM RADIO;EUSÉBIO STEVAUX, ENGº,  AV.;823;4696000;68101;SUL;SANTO AMARO
14185040;;ATIVO;LIVRE;COMUM RADIO;JOSÉ CARLOS PACE, AV.;1;4786040;20311;SUL;SOCORRO
14200031;1305;ATIVO;PRIVATIVO;COMUM;PAULO DE BARROS  WHITAKER DR, R.;45;4807000;252026;SUL;SOCORRO
14200058;750;ATIVO;PRIVATIVO;COMUM;JOSÉ GARZOTTI PE, R.;96;4806000;109835;SUL;SOCORRO
14200066;1268;EXTINTO;PRIVATIVO;COMUM;LOURENÇO CABRERA, AV.;1000;4812010;120170;SUL;SOCORRO
14200090;817;BLOQUEADO;PRIVATIVO;COMUM;FREDERICO RÉNE DE JAEGHER, R.;21;4826010;464244;SUL;SOCORRO
14220067;2472;ATIVO;PRIVATIVO;COMUM;FRANCISCO OCTÁVIO PACCA, R.;180;4822030;250201;SUL;SOCORRO
14220121;1428;ATIVO;PRIVATIVO;COMUM;RODRIGUES VILARES, AV.;10;4828100;754560;SUL;SOCORRO
14240041;2334;ATIVO;PRIVATIVO;COMUM;SINFONIA ITALIANA, R.;54;4844610;437735;SUL;SOCORRO
14240114;971;ATIVO;PRIVATIVO;COMUM;JOSÉ BOEMER ROSCHEL, PÇA;21;4836010;441759;SUL;SOCORRO
14379007;;ATIVO;LIVRE;COMUM;CUIABÁ, R.;200;3183010;55743;;MOOCA
14979004;;ATIVO;LIVRE;COMUM;REYNALDO CAJADO ENGº, R.;625;3061030;169595;LESTE;MOOCA
15160017;1596;ATIVO;PRIVATIVO;COMUM;OCTALLES MARCONDES FERREIRA, AV.;176;4696000;68101;SUL;SANTO AMARO
15160025;1933;ATIVO;PRIVATIVO;COMUM;TAGUAPACA, R.;33;4691170;790010;SUL;SANTO AMARO
15180026;813;ATIVO;PRIVATIVO;COMUM;DOMINGOS AFONSO SERTÃO, R.;165;4914000;59897;SUL;M'BOI MIRIM
15180034;2333;ATIVO;PRIVATIVO;COMUM;PEDRO DURANTE, R.;2;5830330;622630;SUL;M'BOI MIRIM
15982009;;ATIVO;LIVRE;COMUM;PEIXOTO WERNECK, R.;99;3568060;160296;LESTE;PENHA
16140010;1512;ATIVO;PRIVATIVO;COMUM;CARLOS KLEIN, R.;82;4766020;43761;SUL;SOCORRO
16140028;1639;ATIVO;PRIVATIVO;COMUM;OLIVIA GUEDES  PENTEADO, R.;58;4766001;127515;SUL;SOCORRO
16160010;947;ATIVO;PRIVATIVO;COMUM;MARIA COELHO AGUIAR, AV.;215;5805000;133574;SUL;M'BOI MIRIM
16160037;1241;ATIVO;PRIVATIVO;COMUM;TEREZA MOUCO DE OLIVEIRA, R.;244;5846420;192996;SUL;M'BOI MIRIM
16160045;901;ATIVO;PRIVATIVO;COMUM;OCTACILIO DE CARVALHO LOPES, R.;433;5844180;219339;SUL;M'BOI MIRIM
16160053;;ATIVO;LIVRE;COMUM;JOÃO FERNANDES CAMISA NOVA JR., R.;581;5844000;210846;SUL;M'BOI MIRIM
16180020;1397;ATIVO;PRIVATIVO;COMUM;MONFORTE DE LEMOS, R.;697;5783170;763411;SUL;CAMPO LIMPO
16180046;759;ATIVO;PRIVATIVO;COMUM;CAMPO LIMPO DO, ESTR.;327;5781310;633496;SUL;CAMPO LIMPO
16180054;2469;ATIVO;PRIVATIVO;COMUM;PAULINO VITAL DE MORAES, R.;270;5855000;60909;SUL;CAMPO LIMPO
16180070;;ATIVO;LIVRE;COMUM;ITAPECERICA DA, ESTR.;3228;5835004;95290;SUL;CAMPO LIMPO
16479009;;ATIVO;LIVRE;COMUM;MANIFESTO DO, R.;394;4209000;126110;SUL;IPIRANGA
16679008;;ATIVO;LIVRE;COMUM;NAZARE, AV.;28;4262000;144495;OESTE;IPIRANGA
16882008;;ATIVO;LIVRE;COMUM;LUPICÍNIO RODRIGUES, R.;59;5788340;434;SUL;CAMPO LIMPO
16982002;;ATIVO;LIVRE;COMUM;SALGUEIRO DO CAMPO, R.;469;5814210;737224;SUL;M'BOI MIRIM
17020026;1113;ATIVO;PRIVATIVO;COMUM;SILVIA, R;276;1331010;182320;CENTRO OESTE;SE
17020034;1893;ATIVO;PRIVATIVO;COMUM;PLINIO BARRETO DR, R.;249;1313020;164291;CENTRO OESTE;SE
17020042;1872;ATIVO;PRIVATIVO;COMUM;ROCHA, R.;217;1330000;172375;CENTRO OESTE;SE
17020050;1583;ATIVO;PRIVATIVO;COMUM;LOURENÇO GRANATO DR, R.;40;1330040;89877;CENTRO OESTE;SE
17020069;1717;ATIVO;PRIVATIVO;COMUM;INGLESES DOS, R.;308;1329000;91910;CENTRO OESTE;SE
17020085;927;ATIVO;PRIVATIVO;COMUM;CARRÃO  CONS., R.;210;1325001;168491;CENTRO OESTE;SE
17020115;2571;ATIVO;PRIVATIVO;COMUM;RUI BARBOSA, R.;717;1326010;175170;CENTRO OESTE;SE
17020123;2659;ATIVO;PRIVATIVO;COMUM;PAMPLONA, R.;83;1405000;153729;CENTRO OESTE;SE
17020417;1263;ATIVO;PRIVATIVO;COMUM;SANTO ANTONIO, R.;942;1314001;15210;CENTRO OESTE;SE
17020760;1344;ATIVO;PRIVATIVO;COMUM;SILVIA, R.;77;1332000;95460;CENTRO OESTE;SE
17020786;873;ATIVO;PRIVATIVO;COMUM;FRANCESES DOS, R.;140;1329010;73210;CENTRO OESTE;SE
17025028;;ATIVO;LIVRE;COMUM RADIO;JOÃO PASSALAQUA, R.;170;1326020;104078;SUL;SE
17025036;;ATIVO;LIVRE;COMUM RADIO;INGLESES DOS, R.;485;1329000;91910;SUL;SE
17025044;;ATIVO;LIVRE;COMUM RADIO;LUIS BARRETO DR,  R.;145;1328020;121789;SUL;SE
17025052;;ATIVO;LIVRE;COMUM RADIO;RUI BARBOSA , R.;243;1326010;175170;SUL;SE
17025060;;ATIVO;LIVRE;COMUM RADIO;FRANCESES DOS, R.;146;1329010;73210;SUL;SE
17040027;1122;ATIVO;PRIVATIVO;COMUM;FRANCA, AL.;176;1422000;73067;OESTE;PINHEIROS
